3/12/2020 0:00,653156
3/14/2020 0:00,517382
3/15/2020 0:00,413935
3/16/2020 0:00,532450
3/17/2020 0:00,540902
3/18/2020 0:00,476482
3/19/2020 0:00,525607
3/20/2020 0:00,564748
3/21/2020 0:00,469859
3/22/2020 0:00,409829
3/23/2020 0:00,509038
3/24/2020 0:00,528586
3/25/2020 0:00,456328
3/26/2020 0:00,539881
3/27/2020 0:00,529197
3/28/2020 0:00,469113
3/29/2020 0:00,428425
3/30/2020 0:00,535787
3/31/2020 0:00,546702
4/1/2020 0:00,544088
4/2/2020 0:00,569905
4/3/2020 0:00,548300
4/4/2020 0:00,479599
4/5/2020 0:00,452282
4/6/2020 0:00,557192
4/7/2020 0:00,598670
4/8/2020 0:00,554336
4/9/2020 0:00,544185
4/10/2020 0:00,550585
4/11/2020 0:00,474445
4/12/2020 0:00,437242
4/13/2020 0:00,549230
4/14/2020 0:00,583665
4/15/2020 0:00,612959
4/16/2020 0:00,635870
4/17/2020 0:00,579437
4/18/2020 0:00,562996
4/19/2020 0:00,485888
4/20/2020 0:00,619559
4/21/2020 0:00,610555
4/22/2020 0:00,574265
4/23/2020 0:00,666919
4/24/2020 0:00,641059
4/25/2020 0:00,554934
4/26/2020 0:00,499998
4/27/2020 0:00,629817
4/28/2020 0:00,644967
4/29/2020 0:00,679872
4/30/2020 0:00,687395
5/1/2020 0:00,680654
5/2/2020 0:00,578296
5/3/2020 0:00,553075
5/4/2020 0:00,651350
5/5/2020 0:00,652289
5/6/2020 0:00,671519
5/7/2020 0:00,696092
5/8/2020 0:00,670883
5/9/2020 0:00,631542
5/10/2020 0:00,571802
5/11/2020 0:00,645065
5/12/2020 0:00,686850
5/13/2020 0:00,619855
5/14/2020 0:00,593862
5/15/2020 0:00,644507
5/16/2020 0:00,589910
5/17/2020 0:00,495954
5/18/2020 0:00,602631
5/19/2020 0:00,581379
5/20/2020 0:00,604523
5/21/2020 0:00,624412
5/23/2020 0:00,558174
5/24/2020 0:00,458476
5/25/2020 0:00,551378
5/26/2020 0:00,605213
5/27/2020 0:00,603823
5/28/2020 0:00,617362
5/29/2020 0:00,591013
5/30/2020 0:00,556912
5/31/2020 0:00,495162
6/1/2020 0:00,623944
6/2/2020 0:00,638403
6/3/2020 0:00,646746
6/4/2020 0:00,628388
6/5/2020 0:00,643217
6/6/2020 0:00,548424
6/7/2020 0:00,487527
6/8/2020 0:00,625333
6/9/2020 0:00,644690
6/10/2020 0:00,645485
6/11/2020 0:00,673800
6/12/2020 0:00,635165
6/13/2020 0:00,541115
6/14/2020 0:00,502951
6/15/2020 0:00,606713
6/16/2020 0:00,683561
6/17/2020 0:00,669086
6/18/2020 0:00,582343
6/19/2020 0:00,674050
6/20/2020 0:00,553650
6/21/2020 0:00,475037
6/22/2020 0:00,603576
6/23/2020 0:00,704215
6/24/2020 0:00,625283
6/25/2020 0:00,631260
6/26/2020 0:00,646111
6/27/2020 0:00,546558
6/28/2020 0:00,500152
6/29/2020 0:00,625207
6/30/2020 0:00,621031
7/1/2020 0:00,758469
7/2/2020 0:00,674745
7/3/2020 0:00,661454
7/4/2020 0:00,561108
7/5/2020 0:00,509206
7/6/2020 0:00,678157
7/7/2020 0:00,706177
7/8/2020 0:00,702636
7/9/2020 0:00,708162
7/10/2020 0:00,681724
7/11/2020 0:00,601249
7/12/2020 0:00,525851
7/13/2020 0:00,638906
7/14/2020 0:00,734433
7/15/2020 0:00,671171
7/16/2020 0:00,709099
7/17/2020 0:00,629600
7/18/2020 0:00,632584
7/19/2020 0:00,550119
7/20/2020 0:00,644972
7/21/2020 0:00,660884
7/22/2020 0:00,748958
7/23/2020 0:00,696765
7/24/2020 0:00,740460
7/25/2020 0:00,619497
7/26/2020 0:00,608050
7/27/2020 0:00,690892
7/28/2020 0:00,745966
7/29/2020 0:00,717842
7/30/2020 0:00,689993
7/31/2020 0:00,733209
8/1/2020 0:00,644333
8/2/2020 0:00,616214
8/3/2020 0:00,708227
8/4/2020 0:00,708169
8/5/2020 0:00,655315
8/6/2020 0:00,762479
8/7/2020 0:00,707225
8/8/2020 0:00,625679
8/9/2020 0:00,564507
8/10/2020 0:00,683507
8/11/2020 0:00,744212
8/12/2020 0:00,733894
8/13/2020 0:00,690043
8/14/2020 0:00,755913
8/15/2020 0:00,664922
8/16/2020 0:00,571198
8/17/2020 0:00,652100
8/18/2020 0:00,739835
8/19/2020 0:00,710405
8/20/2020 0:00,705709
8/21/2020 0:00,675988
8/22/2020 0:00,649053
8/23/2020 0:00,569381
8/24/2020 0:00,674821
8/25/2020 0:00,678008
8/26/2020 0:00,696908
8/27/2020 0:00,702891
8/28/2020 0:00,720277
8/29/2020 0:00,617518
8/30/2020 0:00,555079
8/31/2020 0:00,662241
9/1/2020 0:00,795329
9/2/2020 0:00,714425
9/3/2020 0:00,691592
9/4/2020 0:00,680093
9/5/2020 0:00,685736
9/6/2020 0:00,557370
9/7/2020 0:00,672721
9/8/2020 0:00,693543
9/9/2020 0:00,681429
9/10/2020 0:00,745318
9/11/2020 0:00,677215
9/12/2020 0:00,604531
9/13/2020 0:00,540351
9/14/2020 0:00,726085
9/15/2020 0:00,718787
9/16/2020 0:00,747111
9/17/2020 0:00,740029
9/18/2020 0:00,687638
9/19/2020 0:00,624125
9/20/2020 0:00,535691
9/21/2020 0:00,644695
9/22/2020 0:00,678668
9/23/2020 0:00,733591
9/24/2020 0:00,684217
9/25/2020 0:00,741029
9/26/2020 0:00,591249
9/27/2020 0:00,538619
9/28/2020 0:00,629197
9/29/2020 0:00,735651
9/30/2020 0:00,748143
10/1/2020 0:00,679937
10/2/2020 0:00,689077
10/3/2020 0:00,642826
10/4/2020 0:00,562147
10/5/2020 0:00,635097
10/6/2020 0:00,692891
10/7/2020 0:00,762636
10/8/2020 0:00,698982
10/9/2020 0:00,714645
10/10/2020 0:00,631182
10/11/2020 0:00,541483
10/12/2020 0:00,658073
10/13/2020 0:00,732250
10/14/2020 0:00,680468
10/15/2020 0:00,743078
10/16/2020 0:00,712317
10/17/2020 0:00,586741
10/18/2020 0:00,512486
10/19/2020 0:00,679146
10/20/2020 0:00,713764
10/21/2020 0:00,687152
10/22/2020 0:00,753892
10/23/2020 0:00,712518
10/24/2020 0:00,657714
10/25/2020 0:00,547380
10/26/2020 0:00,579939
10/27/2020 0:00,600338
10/28/2020 0:00,615001
10/29/2020 0:00,652778
10/30/2020 0:00,635998
10/31/2020 0:00,613906
11/1/2020 0:00,592197
11/2/2020 0:00,543348
11/3/2020 0:00,727413
11/4/2020 0:00,707247
11/5/2020 0:00,729209
11/6/2020 0:00,756129
11/7/2020 0:00,608746
11/8/2020 0:00,555482
11/9/2020 0:00,713629
11/10/2020 0:00,684892
11/11/2020 0:00,713744
11/12/2020 0:00,721180
11/13/2020 0:00,685725
11/14/2020 0:00,613373
11/15/2020 0:00,555375
11/16/2020 0:00,681273
11/17/2020 0:00,770689
11/18/2020 0:00,807705
11/19/2020 0:00,717377
11/20/2020 0:00,772326
11/21/2020 0:00,663959
11/22/2020 0:00,587237
11/23/2020 0:00,671932
11/24/2020 0:00,756417
11/25/2020 0:00,812699
11/26/2020 0:00,736612
11/27/2020 0:00,719237
11/28/2020 0:00,644206
11/29/2020 0:00,589008
11/30/2020 0:00,623554
12/1/2020 0:00,841581
12/2/2020 0:00,756978
12/3/2020 0:00,777633
12/4/2020 0:00,729984
12/5/2020 0:00,642981
12/6/2020 0:00,582059
12/7/2020 0:00,673269
12/8/2020 0:00,737193
12/9/2020 0:00,748572
12/10/2020 0:00,713602
12/11/2020 0:00,711679
12/12/2020 0:00,654893
12/13/2020 0:00,611911
12/14/2020 0:00,696656
12/15/2020 0:00,722550
12/16/2020 0:00,751162
12/17/2020 0:00,754492
12/18/2020 0:00,851929
12/19/2020 0:00,756109
12/20/2020 0:00,638816
12/21/2020 0:00,649848
12/22/2020 0:00,738842
12/23/2020 0:00,782736
12/24/2020 0:00,639280
12/25/2020 0:00,662980
12/26/2020 0:00,627843
12/27/2020 0:00,696527
12/28/2020 0:00,717073
12/29/2020 0:00,775919
12/30/2020 0:00,807268
12/31/2020 0:00,809871
1/1/2021 0:00,609741
1/2/2021 0:00,711719
1/3/2021 0:00,812749
1/4/2021 0:00,851667
1/5/2021 0:00,845343
1/6/2021 0:00,924851
1/7/2021 0:00,940647
1/8/2021 0:00,883788
1/9/2021 0:00,760179
1/10/2021 0:00,768365
1/11/2021 0:00,801285
1/12/2021 0:00,796457
1/13/2021 0:00,772596
1/14/2021 0:00,802110
1/15/2021 0:00,808283
1/16/2021 0:00,733398
1/17/2021 0:00,642730
1/18/2021 0:00,720228
1/19/2021 0:00,757920
1/20/2021 0:00,755823
1/21/2021 0:00,736588
1/22/2021 0:00,783335
1/23/2021 0:00,710703
1/24/2021 0:00,608849
1/25/2021 0:00,732867
1/26/2021 0:00,768537
1/27/2021 0:00,787548
1/28/2021 0:00,767142
1/29/2021 0:00,888960
1/30/2021 0:00,756022
1/31/2021 0:00,702062
2/1/2021 0:00,724841
2/2/2021 0:00,865515
2/3/2021 0:00,836448
2/4/2021 0:00,895626
2/5/2021 0:00,856297
2/6/2021 0:00,795079
2/7/2021 0:00,718596
2/8/2021 0:00,822971
2/9/2021 0:00,903883
2/10/2021 0:00,861426
2/11/2021 0:00,796146
2/12/2021 0:00,857246
2/13/2021 0:00,788028
2/14/2021 0:00,698818
2/15/2021 0:00,769869
2/16/2021 0:00,745457
2/17/2021 0:00,829226
2/18/2021 0:00,820203
2/19/2021 0:00,884319
2/20/2021 0:00,830094
2/21/2021 0:00,680893
2/22/2021 0:00,761941
2/23/2021 0:00,796658
2/24/2021 0:00,874171
2/25/2021 0:00,830544
2/26/2021 0:00,817077
2/27/2021 0:00,775777
2/28/2021 0:00,629972
3/1/2021 0:00,748049
3/2/2021 0:00,810035
3/3/2021 0:00,840642
3/4/2021 0:00,752764
3/5/2021 0:00,806404
3/6/2021 0:00,677322
3/7/2021 0:00,654593
3/8/2021 0:00,723503
3/9/2021 0:00,782612
3/10/2021 0:00,833186
3/11/2021 0:00,766597
3/12/2021 0:00,818834
3/13/2021 0:00,739312
3/14/2021 0:00,736008
3/15/2021 0:00,782966
3/16/2021 0:00,822884
3/17/2021 0:00,808119
3/18/2021 0:00,885634
3/19/2021 0:00,833389
3/20/2021 0:00,742019
3/21/2021 0:00,612850
3/22/2021 0:00,781908
3/23/2021 0:00,810265
3/24/2021 0:00,780464
3/25/2021 0:00,847860
3/26/2021 0:00,790548
3/27/2021 0:00,722993
3/28/2021 0:00,629197
3/29/2021 0:00,776764
3/30/2021 0:00,826466
3/31/2021 0:00,900660
4/1/2021 0:00,814587
4/2/2021 0:00,795716
4/3/2021 0:00,704293
4/4/2021 0:00,618857
4/5/2021 0:00,763702
4/6/2021 0:00,841579
4/7/2021 0:00,860993
4/8/2021 0:00,761635
4/9/2021 0:00,853581
4/10/2021 0:00,762965
4/11/2021 0:00,653736
4/12/2021 0:00,762819
4/13/2021 0:00,839652
4/14/2021 0:00,854552
4/15/2021 0:00,952400
4/16/2021 0:00,733666
4/17/2021 0:00,611196
4/18/2021 0:00,754058
4/19/2021 0:00,674744
4/20/2021 0:00,829989
4/21/2021 0:00,719498
4/22/2021 0:00,757844
4/23/2021 0:00,794322
4/24/2021 0:00,695216
4/25/2021 0:00,585806
4/26/2021 0:00,677984
4/27/2021 0:00,748381
4/28/2021 0:00,728620
4/29/2021 0:00,703520
4/30/2021 0:00,738101
5/1/2021 0:00,677778
5/2/2021 0:00,587240
5/3/2021 0:00,746177
5/4/2021 0:00,772207
5/5/2021 0:00,808208
5/6/2021 0:00,843433
5/7/2021 0:00,804452
5/8/2021 0:00,744143
5/9/2021 0:00,690253
5/10/2021 0:00,824736
5/11/2021 0:00,854634
5/12/2021 0:00,852846
5/13/2021 0:00,806882
5/14/2021 0:00,752353
5/15/2021 0:00,646899
5/16/2021 0:00,604353
5/17/2021 0:00,684281
5/18/2021 0:00,619246
5/19/2021 0:00,734818
5/20/2021 0:00,694786
5/21/2021 0:00,695822
5/22/2021 0:00,603588
5/23/2021 0:00,555526
5/24/2021 0:00,643231
5/25/2021 0:00,640506
5/26/2021 0:00,641585
5/27/2021 0:00,602300
5/28/2021 0:00,616432
5/29/2021 0:00,537305
5/30/2021 0:00,476088
5/31/2021 0:00,599311
6/1/2021 0:00,615006
6/2/2021 0:00,663855
6/3/2021 0:00,692529
6/4/2021 0:00,632737
6/5/2021 0:00,537842
6/6/2021 0:00,467665
6/7/2021 0:00,615279
6/8/2021 0:00,656191
6/9/2021 0:00,581779
6/10/2021 0:00,679752
6/11/2021 0:00,616007
6/12/2021 0:00,584529
6/13/2021 0:00,480484
6/14/2021 0:00,624698
6/15/2021 0:00,677276
6/16/2021 0:00,651528
6/17/2021 0:00,601894
6/18/2021 0:00,567037
6/19/2021 0:00,489074
6/20/2021 0:00,441204
6/21/2021 0:00,549345
6/22/2021 0:00,550948
6/23/2021 0:00,598493
6/24/2021 0:00,594998
6/25/2021 0:00,564091
6/26/2021 0:00,490112
6/27/2021 0:00,379066
6/28/2021 0:00,580308
6/29/2021 0:00,566351
6/30/2021 0:00,567655
7/1/2021 0:00,609509
7/2/2021 0:00,532456
7/3/2021 0:00,583136
7/4/2021 0:00,467442
7/5/2021 0:00,547735
7/6/2021 0:00,579824
7/7/2021 0:00,568382
7/8/2021 0:00,580441
7/9/2021 0:00,569423
7/10/2021 0:00,485683
7/11/2021 0:00,436977
7/12/2021 0:00,560833
7/13/2021 0:00,542415
7/14/2021 0:00,564753
7/15/2021 0:00,572802
7/16/2021 0:00,552751
7/17/2021 0:00,458821
7/18/2021 0:00,422214
7/19/2021 0:00,552678
7/20/2021 0:00,571829
7/21/2021 0:00,571507
7/22/2021 0:00,571344
7/23/2021 0:00,581850
7/24/2021 0:00,497255
7/25/2021 0:00,440908
7/26/2021 0:00,644448
7/27/2021 0:00,600692
7/28/2021 0:00,605433
7/29/2021 0:00,620900
7/30/2021 0:00,629903
7/31/2021 0:00,532121
8/1/2021 0:00,474430
8/2/2021 0:00,583866
8/3/2021 0:00,593856
8/4/2021 0:00,587149
8/5/2021 0:00,614597
8/6/2021 0:00,636514
8/7/2021 0:00,529222
8/8/2021 0:00,482998
8/9/2021 0:00,611235
8/10/2021 0:00,626461
8/11/2021 0:00,631031
8/12/2021 0:00,605994
8/13/2021 0:00,639596
8/14/2021 0:00,520081
8/15/2021 0:00,474649
8/16/2021 0:00,628859
8/17/2021 0:00,618951
8/18/2021 0:00,604474
8/19/2021 0:00,613135
8/20/2021 0:00,676861
8/21/2021 0:00,555440
8/22/2021 0:00,474281
8/23/2021 0:00,648964
8/24/2021 0:00,637990
8/25/2021 0:00,636566
8/26/2021 0:00,625141
8/27/2021 0:00,619412
8/28/2021 0:00,538074
8/29/2021 0:00,474721
8/30/2021 0:00,591561
8/31/2021 0:00,656399
9/1/2021 0:00,682571
9/2/2021 0:00,714181
9/3/2021 0:00,686568
9/4/2021 0:00,574763
9/5/2021 0:00,506792
9/6/2021 0:00,627019
9/7/2021 0:00,662890
9/8/2021 0:00,653910
9/9/2021 0:00,691292
9/10/2021 0:00,640477
9/11/2021 0:00,552535
9/12/2021 0:00,495873
9/13/2021 0:00,609049
9/14/2021 0:00,646621
9/15/2021 0:00,654103
9/16/2021 0:00,673139
9/17/2021 0:00,652602
9/18/2021 0:00,561878
9/19/2021 0:00,501580
9/20/2021 0:00,645684
9/21/2021 0:00,596757
9/22/2021 0:00,645903
9/23/2021 0:00,642773
9/24/2021 0:00,679045
9/25/2021 0:00,536442
9/26/2021 0:00,494512
9/27/2021 0:00,613346
9/28/2021 0:00,620834
9/29/2021 0:00,589252
9/30/2021 0:00,706763
10/1/2021 0:00,697433
10/2/2021 0:00,631501
10/3/2021 0:00,553275
10/4/2021 0:00,650133
10/5/2021 0:00,729159
10/6/2021 0:00,657752
10/7/2021 0:00,784172
10/8/2021 0:00,689788
10/9/2021 0:00,620238
10/10/2021 0:00,536877
10/11/2021 0:00,676676
10/12/2021 0:00,673664
10/13/2021 0:00,677323
10/14/2021 0:00,690594
10/15/2021 0:00,744869
10/16/2021 0:00,674026
10/17/2021 0:00,559522
10/18/2021 0:00,693822
10/19/2021 0:00,743673
10/20/2021 0:00,713105
10/21/2021 0:00,765389
10/22/2021 0:00,693316
10/23/2021 0:00,597144
10/24/2021 0:00,554996
10/25/2021 0:00,704167
10/26/2021 0:00,715943
10/27/2021 0:00,715873
10/28/2021 0:00,749957
10/29/2021 0:00,758210
10/30/2021 0:00,666759
10/31/2021 0:00,574308
11/1/2021 0:00,732119
11/2/2021 0:00,736296
11/3/2021 0:00,724143
11/4/2021 0:00,729141
11/5/2021 0:00,721315
11/6/2021 0:00,623103
11/7/2021 0:00,591980
11/8/2021 0:00,707131
11/9/2021 0:00,796734
11/10/2021 0:00,743397
11/11/2021 0:00,724206
11/12/2021 0:00,697196
11/13/2021 0:00,628022
11/14/2021 0:00,582647
11/15/2021 0:00,708944
11/16/2021 0:00,740829
11/17/2021 0:00,708703
11/18/2021 0:00,725020
11/19/2021 0:00,713194
11/20/2021 0:00,634393
11/21/2021 0:00,586185
11/22/2021 0:00,676350
11/23/2021 0:00,700954
11/24/2021 0:00,737069
11/25/2021 0:00,741152
11/26/2021 0:00,742035
11/27/2021 0:00,619406
11/28/2021 0:00,560812
11/29/2021 0:00,727580
11/30/2021 0:00,737531
12/1/2021 0:00,727357
12/2/2021 0:00,781370
12/3/2021 0:00,738749
12/4/2021 0:00,697287
12/5/2021 0:00,588178
12/6/2021 0:00,701524
12/7/2021 0:00,725368
12/8/2021 0:00,660440
12/9/2021 0:00,707394
12/10/2021 0:00,716381
12/11/2021 0:00,599422
12/12/2021 0:00,567489
12/13/2021 0:00,690479
12/14/2021 0:00,684529
12/15/2021 0:00,707659
12/16/2021 0:00,664445
12/17/2021 0:00,660755
12/18/2021 0:00,616818
12/19/2021 0:00,557914
12/20/2021 0:00,678671
12/21/2021 0:00,747663
12/22/2021 0:00,719298
12/23/2021 0:00,744101
12/24/2021 0:00,678663
12/25/2021 0:00,580922
12/26/2021 0:00,574433
12/27/2021 0:00,674082
12/28/2021 0:00,729388
12/29/2021 0:00,741024
12/30/2021 0:00,679386
12/31/2021 0:00,703405
1/1/2022 0:00,512154
1/2/2022 0:00,534857
1/3/2022 0:00,630932
1/4/2022 0:00,680570
1/5/2022 0:00,698013
1/6/2022 0:00,690161
1/7/2022 0:00,667941
1/8/2022 0:00,591014
1/9/2022 0:00,568134
1/10/2022 0:00,672264
1/11/2022 0:00,694475
1/12/2022 0:00,679922
1/13/2022 0:00,695923
1/14/2022 0:00,688859
1/15/2022 0:00,619262
1/16/2022 0:00,569876
1/17/2022 0:00,638947
1/18/2022 0:00,654446
1/19/2022 0:00,663454
1/20/2022 0:00,683613
1/21/2022 0:00,721363
1/22/2022 0:00,662382
1/23/2022 0:00,554355
1/24/2022 0:00,668850
1/25/2022 0:00,653685
1/26/2022 0:00,648504
1/27/2022 0:00,648622
1/28/2022 0:00,680599
1/29/2022 0:00,595231
1/30/2022 0:00,553241
1/31/2022 0:00,671364
2/1/2022 0:00,687763
2/2/2022 0:00,680004
2/3/2022 0:00,664854
2/4/2022 0:00,651781
2/5/2022 0:00,673249
2/6/2022 0:00,569036
2/7/2022 0:00,660755
2/8/2022 0:00,685310
2/9/2022 0:00,663348
2/10/2022 0:00,673697
2/11/2022 0:00,664971
2/12/2022 0:00,604018
2/13/2022 0:00,590527
2/14/2022 0:00,630477
2/15/2022 0:00,680501
2/16/2022 0:00,677777
2/17/2022 0:00,665429
2/18/2022 0:00,672505
2/19/2022 0:00,573700
2/20/2022 0:00,549160
2/21/2022 0:00,615656
2/22/2022 0:00,647191
2/23/2022 0:00,622682
2/24/2022 0:00,676575
2/25/2022 0:00,687447
2/26/2022 0:00,582374
2/27/2022 0:00,583361
2/28/2022 0:00,702483
3/1/2022 0:00,722863
3/2/2022 0:00,731603
3/3/2022 0:00,701198
3/4/2022 0:00,675228
3/5/2022 0:00,594977
3/6/2022 0:00,555454
3/7/2022 0:00,648259
3/8/2022 0:00,659214
3/9/2022 0:00,702360
3/10/2022 0:00,687025
3/11/2022 0:00,659116
3/12/2022 0:00,592255
3/13/2022 0:00,554544
3/14/2022 0:00,658358
3/15/2022 0:00,679170
3/16/2022 0:00,721364
3/17/2022 0:00,743399
3/18/2022 0:00,700248
3/19/2022 0:00,638704
3/20/2022 0:00,572086
3/21/2022 0:00,663684
3/22/2022 0:00,681184
3/23/2022 0:00,671738
3/24/2022 0:00,677148
3/25/2022 0:00,752938
3/26/2022 0:00,611979
3/27/2022 0:00,589872
3/28/2022 0:00,720718
3/29/2022 0:00,706611
3/30/2022 0:00,662686
3/31/2022 0:00,711182
4/1/2022 0:00,738464
4/2/2022 0:00,660755
4/3/2022 0:00,585946
4/4/2022 0:00,691360
4/5/2022 0:00,692888
4/6/2022 0:00,666088
4/7/2022 0:00,677721
4/8/2022 0:00,685851
4/9/2022 0:00,597681
4/10/2022 0:00,551596
4/11/2022 0:00,684991
4/12/2022 0:00,683425
4/13/2022 0:00,682050
4/14/2022 0:00,673582
4/15/2022 0:00,666824
4/16/2022 0:00,600335
4/17/2022 0:00,557466
4/18/2022 0:00,631282
4/19/2022 0:00,697163
4/20/2022 0:00,703937
4/21/2022 0:00,710624
4/22/2022 0:00,671463
4/23/2022 0:00,613940
4/24/2022 0:00,581643
4/25/2022 0:00,680074
4/26/2022 0:00,689345
4/27/2022 0:00,697020
4/28/2022 0:00,697124
4/29/2022 0:00,729033
4/30/2022 0:00,684282
5/1/2022 0:00,625556
5/2/2022 0:00,687096
5/3/2022 0:00,692327
5/4/2022 0:00,615048
5/5/2022 0:00,778504
5/6/2022 0:00,723743
5/7/2022 0:00,609656
5/8/2022 0:00,597305
5/9/2022 0:00,705421
5/10/2022 0:00,714602
5/11/2022 0:00,694927
5/12/2022 0:00,730516
5/13/2022 0:00,727914
5/14/2022 0:00,725013
5/15/2022 0:00,599841
5/16/2022 0:00,663779
5/17/2022 0:00,683798
5/18/2022 0:00,646333
5/19/2022 0:00,662000
5/20/2022 0:00,668605
5/21/2022 0:00,579268
5/22/2022 0:00,535873
5/23/2022 0:00,638912
5/24/2022 0:00,600094
5/25/2022 0:00,700322
5/26/2022 0:00,653373
5/27/2022 0:00,688580
5/28/2022 0:00,576357
5/29/2022 0:00,530365
5/30/2022 0:00,644720
5/31/2022 0:00,685567
6/1/2022 0:00,683372
6/2/2022 0:00,664442
6/3/2022 0:00,678027
6/4/2022 0:00,569230
6/5/2022 0:00,538083
6/6/2022 0:00,652057
6/7/2022 0:00,648390
6/8/2022 0:00,656376
6/9/2022 0:00,661923
6/10/2022 0:00,669839
6/11/2022 0:00,589547
6/12/2022 0:00,557721
6/13/2022 0:00,708381
6/14/2022 0:00,717234
6/15/2022 0:00,732637
6/16/2022 0:00,662185
6/17/2022 0:00,663831
6/18/2022 0:00,654430
6/19/2022 0:00,548972
6/20/2022 0:00,605998
6/21/2022 0:00,647716
6/22/2022 0:00,639691
6/23/2022 0:00,633984
6/24/2022 0:00,650157
6/25/2022 0:00,557791
6/26/2022 0:00,528289
6/27/2022 0:00,621986
6/28/2022 0:00,624229
6/29/2022 0:00,654949
6/30/2022 0:00,699397
7/1/2022 0:00,714094
7/2/2022 0:00,614214
7/3/2022 0:00,548190
7/4/2022 0:00,610225
7/5/2022 0:00,616343
7/6/2022 0:00,687966
7/7/2022 0:00,691644
7/8/2022 0:00,682201
7/9/2022 0:00,576270
7/10/2022 0:00,523353
7/11/2022 0:00,590261
7/12/2022 0:00,657668
7/13/2022 0:00,597185
7/14/2022 0:00,685931
7/15/2022 0:00,661194
7/16/2022 0:00,577967
7/17/2022 0:00,519659
7/18/2022 0:00,611990
7/19/2022 0:00,682638
7/20/2022 0:00,642244
7/21/2022 0:00,686329
7/22/2022 0:00,650694
7/23/2022 0:00,572761
7/24/2022 0:00,531268
7/25/2022 0:00,629329
7/26/2022 0:00,655695
7/27/2022 0:00,644191
7/28/2022 0:00,697022
7/29/2022 0:00,708268
7/30/2022 0:00,601643
7/31/2022 0:00,561055
8/1/2022 0:00,635502
8/2/2022 0:00,663588
8/3/2022 0:00,693063
8/4/2022 0:00,695558
8/5/2022 0:00,687443
8/6/2022 0:00,610889
8/7/2022 0:00,522072
8/8/2022 0:00,652517
8/9/2022 0:00,646055
8/10/2022 0:00,663480
8/11/2022 0:00,725127
8/12/2022 0:00,703328
8/13/2022 0:00,613804
8/14/2022 0:00,551189
8/15/2022 0:00,620533
8/16/2022 0:00,677726
8/17/2022 0:00,648642
8/18/2022 0:00,685923
8/19/2022 0:00,736405
8/20/2022 0:00,597278
8/21/2022 0:00,549247
8/22/2022 0:00,629040
8/23/2022 0:00,641154
8/24/2022 0:00,649399
8/25/2022 0:00,656808
8/26/2022 0:00,686060
8/27/2022 0:00,605125
8/28/2022 0:00,547812
8/29/2022 0:00,641513
8/30/2022 0:00,660170
8/31/2022 0:00,652024
9/1/2022 0:00,685449
9/2/2022 0:00,710783
9/3/2022 0:00,641511
9/4/2022 0:00,541540
9/5/2022 0:00,628765
9/6/2022 0:00,657784
9/7/2022 0:00,676262
9/8/2022 0:00,685564
9/9/2022 0:00,753468
9/10/2022 0:00,646199
9/11/2022 0:00,607174
9/12/2022 0:00,665425
9/13/2022 0:00,663498
9/14/2022 0:00,687667
9/15/2022 0:00,700513
9/16/2022 0:00,706574
9/17/2022 0:00,641808
9/18/2022 0:00,556563
9/19/2022 0:00,631537
9/20/2022 0:00,650202
9/21/2022 0:00,632611
9/22/2022 0:00,614742
9/23/2022 0:00,689899
9/24/2022 0:00,588364
9/25/2022 0:00,574037
9/26/2022 0:00,614435
9/27/2022 0:00,648681
9/28/2022 0:00,620268
9/29/2022 0:00,652313
9/30/2022 0:00,717755
10/1/2022 0:00,627906
10/2/2022 0:00,570649
10/3/2022 0:00,656236
10/4/2022 0:00,655477
10/5/2022 0:00,644568
10/6/2022 0:00,677796
10/7/2022 0:00,675013
10/8/2022 0:00,610636
10/9/2022 0:00,553851
10/10/2022 0:00,619704
10/11/2022 0:00,635320
10/12/2022 0:00,646003
10/13/2022 0:00,691476
10/14/2022 0:00,694651
10/15/2022 0:00,612380
10/16/2022 0:00,558957
10/17/2022 0:00,613662
10/18/2022 0:00,615413
10/19/2022 0:00,612805
10/20/2022 0:00,633545
10/21/2022 0:00,671089
10/22/2022 0:00,598580
10/23/2022 0:00,582380
10/24/2022 0:00,629949
10/25/2022 0:00,601629
10/26/2022 0:00,683262
10/27/2022 0:00,648360
10/28/2022 0:00,679257
10/29/2022 0:00,668004
10/30/2022 0:00,594597
10/31/2022 0:00,667561
11/1/2022 0:00,666319
11/2/2022 0:00,630399
11/3/2022 0:00,716406
11/4/2022 0:00,689430
11/5/2022 0:00,648416
11/6/2022 0:00,577334
11/7/2022 0:00,643216
11/8/2022 0:00,719305
11/9/2022 0:00,754032
11/10/2022 0:00,774942
11/11/2022 0:00,747386
11/12/2022 0:00,677645
11/13/2022 0:00,656286
11/14/2022 0:00,661596
11/15/2022 0:00,703644
11/16/2022 0:00,670368
11/17/2022 0:00,636467
11/18/2022 0:00,697975
11/19/2022 0:00,647807
11/20/2022 0:00,595776
11/21/2022 0:00,661220
11/22/2022 0:00,623451
11/23/2022 0:00,696412
11/24/2022 0:00,642832
11/25/2022 0:00,640008
11/26/2022 0:00,598183
11/27/2022 0:00,568789
11/28/2022 0:00,630827
11/29/2022 0:00,658815
11/30/2022 0:00,656181
12/1/2022 0:00,704310
12/2/2022 0:00,686664
12/3/2022 0:00,650867
12/4/2022 0:00,570337
12/5/2022 0:00,654949
12/6/2022 0:00,637825
12/7/2022 0:00,652144
12/8/2022 0:00,646079
12/9/2022 0:00,662365
12/10/2022 0:00,617455
12/11/2022 0:00,570664
12/12/2022 0:00,639530
12/13/2022 0:00,710573
12/14/2022 0:00,673994
12/15/2022 0:00,691792
12/16/2022 0:00,675745
12/17/2022 0:00,675840
12/18/2022 0:00,559608
12/19/2022 0:00,625817
12/20/2022 0:00,653824
12/21/2022 0:00,653064
12/22/2022 0:00,665463
12/23/2022 0:00,680283
12/24/2022 0:00,562534
12/25/2022 0:00,522307
12/26/2022 0:00,548937
12/27/2022 0:00,593337
12/28/2022 0:00,661225
12/29/2022 0:00,668338
12/30/2022 0:00,726125
12/31/2022 0:00,618594
1/1/2023 0:00,509337
1/2/2023 0:00,575250
1/3/2023 0:00,645565
1/4/2023 0:00,652878
1/5/2023 0:00,682119
1/6/2023 0:00,685990
1/7/2023 0:00,601071
1/8/2023 0:00,565595
1/9/2023 0:00,662916
1/10/2023 0:00,695664
1/11/2023 0:00,661284
1/12/2023 0:00,717816
1/13/2023 0:00,743545
1/14/2023 0:00,725858
1/15/2023 0:00,605147
1/16/2023 0:00,677371
1/17/2023 0:00,680259
1/18/2023 0:00,681758
1/19/2023 0:00,684950
1/20/2023 0:00,702080
1/21/2023 0:00,676478
1/22/2023 0:00,610248
1/23/2023 0:00,651866
1/24/2023 0:00,660507
1/25/2023 0:00,687864
1/26/2023 0:00,669489
1/27/2023 0:00,699439
1/28/2023 0:00,637939
1/29/2023 0:00,616633
1/30/2023 0:00,667280
1/31/2023 0:00,709466
2/1/2023 0:00,745886
2/2/2023 0:00,752262
2/3/2023 0:00,738211
2/4/2023 0:00,691143
2/5/2023 0:00,594717
2/6/2023 0:00,663760
2/7/2023 0:00,688379
2/8/2023 0:00,682912
2/9/2023 0:00,783722
2/10/2023 0:00,700869
2/11/2023 0:00,654726
2/12/2023 0:00,617837
2/13/2023 0:00,666916
2/14/2023 0:00,675701
2/15/2023 0:00,723537
2/16/2023 0:00,759215
2/17/2023 0:00,716489
2/18/2023 0:00,656568
2/19/2023 0:00,569883
2/20/2023 0:00,615969
2/21/2023 0:00,654981
2/22/2023 0:00,660490
2/23/2023 0:00,693262
2/24/2023 0:00,695824
2/25/2023 0:00,626600
2/26/2023 0:00,628404
2/27/2023 0:00,644967
2/28/2023 0:00,731797
3/1/2023 0:00,826824
3/2/2023 0:00,726383
3/3/2023 0:00,807383
3/4/2023 0:00,678996
3/5/2023 0:00,630099
3/6/2023 0:00,671836
3/7/2023 0:00,771846
3/8/2023 0:00,656385
3/9/2023 0:00,700965
3/10/2023 0:00,762121
3/11/2023 0:00,721567
3/12/2023 0:00,621363
3/13/2023 0:00,725571
3/14/2023 0:00,728811
3/15/2023 0:00,750215
3/16/2023 0:00,687640
3/17/2023 0:00,768841
3/18/2023 0:00,691597
3/19/2023 0:00,619482
3/20/2023 0:00,725399
3/21/2023 0:00,708659
3/22/2023 0:00,688658
3/23/2023 0:00,677191
3/24/2023 0:00,683787
3/25/2023 0:00,659846
3/26/2023 0:00,594775
3/27/2023 0:00,668827
3/28/2023 0:00,684623
3/29/2023 0:00,727221
3/30/2023 0:00,727172
3/31/2023 0:00,732643
4/1/2023 0:00,702374
4/2/2023 0:00,659613
4/3/2023 0:00,681747
4/4/2023 0:00,809319
4/5/2023 0:00,719774
4/6/2023 0:00,740308
