3/12/2020 0:00,2317.735099
3/13/2020 0:00,2214.384
3/14/2020 0:00,2186.15625
3/15/2020 0:00,1875.882353
3/16/2020 0:00,2272.260504
3/17/2020 0:00,2262.813008
3/18/2020 0:00,2312.54
3/19/2020 0:00,2483.074766
3/20/2020 0:00,2610.954128
3/21/2020 0:00,1983.032258
3/22/2020 0:00,1646.88189
3/23/2020 0:00,2319.785714
3/24/2020 0:00,2107.05303
3/25/2020 0:00,2371.478261
3/26/2020 0:00,1830.175
3/27/2020 0:00,1784.167742
3/28/2020 0:00,1782.422222
3/29/2020 0:00,1541.854305
3/30/2020 0:00,1883.183673
3/31/2020 0:00,1825.327044
4/1/2020 0:00,1842.189542
4/2/2020 0:00,1955.398693
4/3/2020 0:00,2111.840909
4/4/2020 0:00,1613.210191
4/5/2020 0:00,1372.908571
4/6/2020 0:00,2191.171875
4/7/2020 0:00,1861.72619
4/8/2020 0:00,1990.020833
4/9/2020 0:00,1861.727273
4/10/2020 0:00,1770.460123
4/11/2020 0:00,1558.81761
4/12/2020 0:00,1493.653595
4/13/2020 0:00,1684.871345
4/14/2020 0:00,1782.089286
4/15/2020 0:00,1835.816568
4/16/2020 0:00,2096.772727
4/17/2020 0:00,2237.968504
4/18/2020 0:00,1829.962025
4/19/2020 0:00,1657.789474
4/20/2020 0:00,1930.496894
4/21/2020 0:00,2086.248322
4/22/2020 0:00,2127.900763
4/23/2020 0:00,2317.21831
4/24/2020 0:00,2222.604167
4/25/2020 0:00,2064.742647
4/26/2020 0:00,1845.49635
4/27/2020 0:00,2207.212766
4/28/2020 0:00,2100.487013
4/29/2020 0:00,2285.524138
4/30/2020 0:00,2384.977778
5/1/2020 0:00,2415.41844
5/2/2020 0:00,1937.655405
5/3/2020 0:00,1677.095238
5/4/2020 0:00,2063.911392
5/5/2020 0:00,2082.753165
5/6/2020 0:00,2164.902597
5/7/2020 0:00,2326.435374
5/8/2020 0:00,2362.226277
5/9/2020 0:00,2297.051471
5/10/2020 0:00,1686.994118
5/11/2020 0:00,1948.019108
5/12/2020 0:00,2364.486301
5/13/2020 0:00,2494.084034
5/14/2020 0:00,2357.45614
5/15/2020 0:00,2485.136
5/16/2020 0:00,2353.611111
5/17/2020 0:00,2321.647059
5/18/2020 0:00,2138.460938
5/19/2020 0:00,2390.408696
5/20/2020 0:00,2435.104348
5/21/2020 0:00,2278.496183
5/22/2020 0:00,2511.567568
5/23/2020 0:00,2262.436975
5/24/2020 0:00,1849.396552
5/25/2020 0:00,2127
5/26/2020 0:00,2385.33871
5/27/2020 0:00,2122.65942
5/28/2020 0:00,2289.389313
5/29/2020 0:00,2212.283465
5/30/2020 0:00,1833.628205
5/31/2020 0:00,1722.846667
6/1/2020 0:00,2300.835821
6/2/2020 0:00,2357.472868
6/3/2020 0:00,2258.992806
6/4/2020 0:00,2107.847682
6/5/2020 0:00,1827.273743
6/6/2020 0:00,1453.433673
6/7/2020 0:00,1587.220126
6/8/2020 0:00,1958.487654
6/9/2020 0:00,2044.2125
6/10/2020 0:00,1982.70122
6/11/2020 0:00,1797.243243
6/12/2020 0:00,1952.601227
6/13/2020 0:00,1773.297468
6/14/2020 0:00,1621.9
6/15/2020 0:00,2133.826087
6/16/2020 0:00,2270.113333
6/17/2020 0:00,2417.007246
6/18/2020 0:00,2289.491935
6/19/2020 0:00,2423.535211
6/20/2020 0:00,2073.890511
6/21/2020 0:00,1776.986301
6/22/2020 0:00,2107.664336
6/23/2020 0:00,2248.455696
6/24/2020 0:00,2246.913669
6/25/2020 0:00,2214.06383
6/26/2020 0:00,2014.518293
6/27/2020 0:00,1996.297101
6/28/2020 0:00,1766.06
6/29/2020 0:00,2175.337931
6/30/2020 0:00,2039
7/1/2020 0:00,2361.54321
7/2/2020 0:00,2069.932927
7/3/2020 0:00,2030.730061
7/4/2020 0:00,1838.515924
7/5/2020 0:00,1681.619632
7/6/2020 0:00,2199.785714
7/7/2020 0:00,2148.913043
7/8/2020 0:00,2301.02649
7/9/2020 0:00,2211.695122
7/10/2020 0:00,2149.043478
7/11/2020 0:00,1966.480769
7/12/2020 0:00,1857.657895
7/13/2020 0:00,2110.387755
7/14/2020 0:00,2498.9375
7/15/2020 0:00,2290.318841
7/16/2020 0:00,2543.007353
7/17/2020 0:00,2490.737288
7/18/2020 0:00,2392.476923
7/19/2020 0:00,2115.21374
7/20/2020 0:00,2196.787234
7/21/2020 0:00,2502.968
7/22/2020 0:00,2533.277778
7/23/2020 0:00,2472.389706
7/24/2020 0:00,2294.608696
7/25/2020 0:00,2069.598592
7/26/2020 0:00,1889.746835
7/27/2020 0:00,2193.080537
7/28/2020 0:00,2446.496552
7/29/2020 0:00,2341.358108
7/30/2020 0:00,2428.066667
7/31/2020 0:00,2332.718954
8/1/2020 0:00,2165.729927
8/2/2020 0:00,2041.624113
8/3/2020 0:00,2060.203704
8/4/2020 0:00,2269.186207
8/5/2020 0:00,2262.124031
8/6/2020 0:00,2285.974359
8/7/2020 0:00,2148.019737
8/8/2020 0:00,1997.401408
8/9/2020 0:00,1720.525641
8/10/2020 0:00,2250.854015
8/11/2020 0:00,2272.415584
8/12/2020 0:00,2206.401274
8/13/2020 0:00,2213.238095
8/14/2020 0:00,2189.694611
8/15/2020 0:00,2011.282051
8/16/2020 0:00,1875.453947
8/17/2020 0:00,2343.552
8/18/2020 0:00,2471.685714
8/19/2020 0:00,2419.413043
8/20/2020 0:00,2285.5
8/21/2020 0:00,2027.722581
8/22/2020 0:00,2291.904412
8/23/2020 0:00,1839.031847
8/24/2020 0:00,2208.946309
8/25/2020 0:00,2378.195313
8/26/2020 0:00,2282.985915
8/27/2020 0:00,2543.852713
8/28/2020 0:00,2163.93865
8/29/2020 0:00,2005.363014
8/30/2020 0:00,2119.007874
8/31/2020 0:00,2019.466667
9/1/2020 0:00,2444.857143
9/2/2020 0:00,2204.506944
9/3/2020 0:00,2410.248062
9/4/2020 0:00,2209.525926
9/5/2020 0:00,2308.673759
9/6/2020 0:00,1752.133333
9/7/2020 0:00,1872.354286
9/8/2020 0:00,2146.245161
9/9/2020 0:00,2113.181208
9/10/2020 0:00,2189.753165
9/11/2020 0:00,2234.224638
9/12/2020 0:00,1765.6
9/13/2020 0:00,1574.753086
9/14/2020 0:00,2011.477273
9/15/2020 0:00,2134.339744
9/16/2020 0:00,2210.380645
9/17/2020 0:00,1958.320225
9/18/2020 0:00,1970.648485
9/19/2020 0:00,1988.973154
9/20/2020 0:00,1824.612676
9/21/2020 0:00,2052.448276
9/22/2020 0:00,2426.271318
9/23/2020 0:00,2464.352113
9/24/2020 0:00,2310.59854
9/25/2020 0:00,2089.171598
9/26/2020 0:00,1841.08
9/27/2020 0:00,1706.460526
9/28/2020 0:00,2290.511628
9/29/2020 0:00,2465.929078
9/30/2020 0:00,2252.673077
10/1/2020 0:00,2457.717742
10/2/2020 0:00,2319.433824
10/3/2020 0:00,2058.642384
10/4/2020 0:00,1696.322785
10/5/2020 0:00,2107.042857
10/6/2020 0:00,2445.553846
10/7/2020 0:00,2454
10/8/2020 0:00,2038.438272
10/9/2020 0:00,2389.739437
10/10/2020 0:00,2087.314685
10/11/2020 0:00,1829.257143
10/12/2020 0:00,2108.550336
10/13/2020 0:00,2007.319277
10/14/2020 0:00,2111.013423
10/15/2020 0:00,2258.231788
10/16/2020 0:00,2094.496774
10/17/2020 0:00,1752.031847
10/18/2020 0:00,1929.641667
10/19/2020 0:00,2431.432
10/20/2020 0:00,2295.576389
10/21/2020 0:00,2394.553846
10/22/2020 0:00,2475.087591
10/23/2020 0:00,2472.282443
10/24/2020 0:00,2018.25
10/25/2020 0:00,2070.709402
10/26/2020 0:00,2295.4
10/27/2020 0:00,2544.828283
10/28/2020 0:00,2613.4
10/29/2020 0:00,2556.203704
10/30/2020 0:00,2417.693694
10/31/2020 0:00,2440.672566
11/1/2020 0:00,2210.24
11/2/2020 0:00,2364.305263
11/3/2020 0:00,2369.092857
11/4/2020 0:00,2016.962264
11/5/2020 0:00,2167.809524
11/6/2020 0:00,2224.51634
11/7/2020 0:00,1855.486301
11/8/2020 0:00,1761.210145
11/9/2020 0:00,1764.232432
11/10/2020 0:00,2063.061224
11/11/2020 0:00,2192.360544
11/12/2020 0:00,2030.34375
11/13/2020 0:00,2158.561151
11/14/2020 0:00,1926.133803
11/15/2020 0:00,1684.766667
11/16/2020 0:00,1946.73125
11/17/2020 0:00,2215.10828
11/18/2020 0:00,2142.053254
11/19/2020 0:00,2270.518248
11/20/2020 0:00,2071.583333
11/21/2020 0:00,1841.35503
11/22/2020 0:00,1558.189655
11/23/2020 0:00,2026.122449
11/24/2020 0:00,2450.683824
11/25/2020 0:00,2335.419355
11/26/2020 0:00,2159.833333
11/27/2020 0:00,2093.798701
11/28/2020 0:00,1908.75974
11/29/2020 0:00,1757.153333
11/30/2020 0:00,2270.362832
12/1/2020 0:00,2487.289474
12/2/2020 0:00,2496.328244
12/3/2020 0:00,2209.687898
12/4/2020 0:00,2214.541667
12/5/2020 0:00,1962.493056
12/6/2020 0:00,1901.647059
12/7/2020 0:00,2006.04
12/8/2020 0:00,2298.402778
12/9/2020 0:00,2309.920863
12/10/2020 0:00,2412.684615
12/11/2020 0:00,2208.224638
12/12/2020 0:00,2237.954545
12/13/2020 0:00,1770.25641
12/14/2020 0:00,2167.931034
12/15/2020 0:00,2288.857143
12/16/2020 0:00,2204.314685
12/17/2020 0:00,2399.077519
12/18/2020 0:00,2392.031847
12/19/2020 0:00,2174.278481
12/20/2020 0:00,1867.834437
12/21/2020 0:00,1984.073529
12/22/2020 0:00,2266.874126
12/23/2020 0:00,2197.811688
12/24/2020 0:00,2139.357143
12/25/2020 0:00,2110.423611
12/26/2020 0:00,1999.664234
12/27/2020 0:00,2087.871622
12/28/2020 0:00,1931.14375
12/29/2020 0:00,2212.572368
12/30/2020 0:00,1966.616279
12/31/2020 0:00,2077.819277
1/1/2021 0:00,1732.080537
1/2/2021 0:00,1967.622517
1/3/2021 0:00,2272.886076
1/4/2021 0:00,2160.312139
1/5/2021 0:00,2255.356688
1/6/2021 0:00,2245.107345
1/7/2021 0:00,2391.333333
1/8/2021 0:00,2422.472973
1/9/2021 0:00,2312.151079
1/10/2021 0:00,2087.201258
1/11/2021 0:00,2168.558442
1/12/2021 0:00,2274.506757
1/13/2021 0:00,2099.782895
1/14/2021 0:00,2304.823129
1/15/2021 0:00,2219.367742
1/16/2021 0:00,2098.37415
1/17/2021 0:00,2044.165414
1/18/2021 0:00,2164.248276
1/19/2021 0:00,2181.765101
1/20/2021 0:00,2232.687943
1/21/2021 0:00,2253.906977
1/22/2021 0:00,2302.359155
1/23/2021 0:00,1969.090323
1/24/2021 0:00,1827.129496
1/25/2021 0:00,2207.871429
1/26/2021 0:00,2092.763975
1/27/2021 0:00,2278.542254
1/28/2021 0:00,2242.386207
1/29/2021 0:00,2243.657895
1/30/2021 0:00,2296.419118
1/31/2021 0:00,2019.118056
2/1/2021 0:00,2340.525
2/2/2021 0:00,2398.361842
2/3/2021 0:00,2296.166667
2/4/2021 0:00,2298.675
2/5/2021 0:00,2133.378698
2/6/2021 0:00,2099.91195
2/7/2021 0:00,1835.666667
2/8/2021 0:00,2069.277778
2/9/2021 0:00,2518.440559
2/10/2021 0:00,2382.923077
2/11/2021 0:00,2362.317829
2/12/2021 0:00,2417.647887
2/13/2021 0:00,2144.101911
2/14/2021 0:00,2001.704698
2/15/2021 0:00,2043.019868
2/16/2021 0:00,2449.487603
2/17/2021 0:00,2301.927536
2/18/2021 0:00,2313.518248
2/19/2021 0:00,2232.588235
2/20/2021 0:00,2195.034247
2/21/2021 0:00,1926.560284
2/22/2021 0:00,2145.736842
2/23/2021 0:00,2266.80315
2/24/2021 0:00,2252.150943
2/25/2021 0:00,2090.487179
2/26/2021 0:00,2204.431655
2/27/2021 0:00,2043.210191
2/28/2021 0:00,1941.343511
3/1/2021 0:00,2157.576923
3/2/2021 0:00,2364.685315
3/3/2021 0:00,2193.434211
3/4/2021 0:00,2262.742188
3/5/2021 0:00,2132.751678
3/6/2021 0:00,1894.493421
3/7/2021 0:00,1785.883562
3/8/2021 0:00,1883.580645
3/9/2021 0:00,2140.585714
3/10/2021 0:00,2313.342282
3/11/2021 0:00,2206.401515
3/12/2021 0:00,2138.293333
3/13/2021 0:00,1937.566434
3/14/2021 0:00,1962.101911
3/15/2021 0:00,1974.533784
3/16/2021 0:00,2144.248322
3/17/2021 0:00,2177.345588
3/18/2021 0:00,2182.355263
3/19/2021 0:00,2136.351351
3/20/2021 0:00,1863.298701
3/21/2021 0:00,1506
3/22/2021 0:00,1969.602649
3/23/2021 0:00,1951.763975
3/24/2021 0:00,2007.190789
3/25/2021 0:00,2068.584416
3/26/2021 0:00,2158.897059
3/27/2021 0:00,1812.949686
3/28/2021 0:00,1563.553459
3/29/2021 0:00,2008.642384
3/30/2021 0:00,2199.246575
3/31/2021 0:00,2119.420382
4/1/2021 0:00,2151.303448
4/2/2021 0:00,2184.2
4/3/2021 0:00,2150.51145
4/4/2021 0:00,1684.979452
4/5/2021 0:00,1852.858974
4/6/2021 0:00,2149.756944
4/7/2021 0:00,2046.617834
4/8/2021 0:00,2078.61194
4/9/2021 0:00,2136.315789
4/10/2021 0:00,1905.006369
4/11/2021 0:00,1747.924138
4/12/2021 0:00,2023.395833
4/13/2021 0:00,2184.598592
4/14/2021 0:00,2203.659259
4/15/2021 0:00,2089.767442
4/16/2021 0:00,2133.048544
4/17/2021 0:00,2138.241758
4/18/2021 0:00,2215.604839
4/19/2021 0:00,2148.587629
4/20/2021 0:00,2187.320313
4/21/2021 0:00,2237.831683
4/22/2021 0:00,1920.34965
4/23/2021 0:00,2190.6
4/24/2021 0:00,2004.758621
4/25/2021 0:00,1709.510638
4/26/2021 0:00,2111.289474
4/27/2021 0:00,2099.359155
4/28/2021 0:00,1951.591549
4/29/2021 0:00,2126.762295
4/30/2021 0:00,1995.786207
5/1/2021 0:00,1892.021583
5/2/2021 0:00,1271.427027
5/3/2021 0:00,1621.508475
5/4/2021 0:00,1662.01105
5/5/2021 0:00,1973.082803
5/6/2021 0:00,1831.647059
5/7/2021 0:00,1790.627907
5/8/2021 0:00,1606.380117
5/9/2021 0:00,1332.612903
5/10/2021 0:00,1684.983333
5/11/2021 0:00,1814.622093
5/12/2021 0:00,1746.813953
5/13/2021 0:00,1717.217391
5/14/2021 0:00,1985.485075
5/15/2021 0:00,1886.98374
5/16/2021 0:00,1662.386364
5/17/2021 0:00,2073.636364
5/18/2021 0:00,2210.18
5/19/2021 0:00,2107.352
5/20/2021 0:00,2036.0625
5/21/2021 0:00,2057.736364
5/22/2021 0:00,1929.310345
5/23/2021 0:00,1632.941176
5/24/2021 0:00,1863.134921
5/25/2021 0:00,1899.544715
5/26/2021 0:00,1891.418033
5/27/2021 0:00,1829.358974
5/28/2021 0:00,1834.546218
5/29/2021 0:00,1709.758621
5/30/2021 0:00,1248.576389
5/31/2021 0:00,1606.163121
6/1/2021 0:00,1651.838028
6/2/2021 0:00,1509.572289
6/3/2021 0:00,1738.918367
6/4/2021 0:00,1806.656489
6/5/2021 0:00,1485.343511
6/6/2021 0:00,1235.366667
6/7/2021 0:00,1770.518797
6/8/2021 0:00,1657.087248
6/9/2021 0:00,1673.896825
6/10/2021 0:00,2143.923729
6/11/2021 0:00,2061.92381
6/12/2021 0:00,1687.681818
6/13/2021 0:00,1417.409091
6/14/2021 0:00,1795.674074
6/15/2021 0:00,1846.267176
6/16/2021 0:00,2056.398374
6/17/2021 0:00,1828.653846
6/18/2021 0:00,1797.725806
6/19/2021 0:00,1815.941748
6/20/2021 0:00,1592.847619
6/21/2021 0:00,1952.857143
6/22/2021 0:00,2159.593407
6/23/2021 0:00,2304
6/24/2021 0:00,2221.695238
6/25/2021 0:00,1984.045455
6/26/2021 0:00,2040.764045
6/27/2021 0:00,2112.542373
6/28/2021 0:00,2504.574713
6/29/2021 0:00,2284.622222
6/30/2021 0:00,2457.685393
7/1/2021 0:00,2423.715789
7/2/2021 0:00,2095.2
7/3/2021 0:00,1869.787402
7/4/2021 0:00,1494.347826
7/5/2021 0:00,1695.151515
7/6/2021 0:00,1607.598592
7/7/2021 0:00,1798.593496
7/8/2021 0:00,1659.848921
7/9/2021 0:00,1736.725191
7/10/2021 0:00,1163.124224
7/11/2021 0:00,1329.152
7/12/2021 0:00,1748.166667
7/13/2021 0:00,1690.558824
7/14/2021 0:00,1389.511765
7/15/2021 0:00,1767.453125
7/16/2021 0:00,1489.773333
7/17/2021 0:00,1273.055944
7/18/2021 0:00,1118.902778
7/19/2021 0:00,1334.135294
7/20/2021 0:00,1889.418033
7/21/2021 0:00,1625.37931
7/22/2021 0:00,1505.111111
7/23/2021 0:00,1712.074074
7/24/2021 0:00,1286.305195
7/25/2021 0:00,1140.751634
7/26/2021 0:00,1746.333333
7/27/2021 0:00,1501.3
7/28/2021 0:00,1600.146497
7/29/2021 0:00,1641.325
7/30/2021 0:00,1538.656627
7/31/2021 0:00,1312.329114
8/1/2021 0:00,1202.318182
8/2/2021 0:00,1673.265734
8/3/2021 0:00,1456.792899
8/4/2021 0:00,1761.735294
8/5/2021 0:00,1538.59375
8/6/2021 0:00,1640.314465
8/7/2021 0:00,1270.832335
8/8/2021 0:00,1212.803797
8/9/2021 0:00,1662.236842
8/10/2021 0:00,1581.624242
8/11/2021 0:00,1785.285714
8/12/2021 0:00,1661.993377
8/13/2021 0:00,1835.380282
8/14/2021 0:00,1274.841463
8/15/2021 0:00,1023.291209
8/16/2021 0:00,1636.826087
8/17/2021 0:00,1498.639535
8/18/2021 0:00,1832.096296
8/19/2021 0:00,1645.75974
8/20/2021 0:00,1698.98125
8/21/2021 0:00,1290.629412
8/22/2021 0:00,1162.384146
8/23/2021 0:00,1374.294416
8/24/2021 0:00,1714.181818
8/25/2021 0:00,1643.80625
8/26/2021 0:00,1771.164384
8/27/2021 0:00,1758.993151
8/28/2021 0:00,1548
8/29/2021 0:00,1228.525641
8/30/2021 0:00,1858.925926
8/31/2021 0:00,1883.076389
9/1/2021 0:00,2050.109489
9/2/2021 0:00,1945.637584
9/3/2021 0:00,1918.858108
9/4/2021 0:00,1469.23871
9/5/2021 0:00,1250.402439
9/6/2021 0:00,1563.238372
9/7/2021 0:00,1808
9/8/2021 0:00,1904.809859
9/9/2021 0:00,2002.80292
9/10/2021 0:00,1921.845588
9/11/2021 0:00,1475.97973
9/12/2021 0:00,1310.823129
9/13/2021 0:00,1609.874214
9/14/2021 0:00,1595.994048
9/15/2021 0:00,1894.06338
9/16/2021 0:00,1994.286765
9/17/2021 0:00,1843.809524
9/18/2021 0:00,1468.780645
9/19/2021 0:00,1253.225
9/20/2021 0:00,1647.762195
9/21/2021 0:00,1988.357724
9/22/2021 0:00,2053.992537
9/23/2021 0:00,1628.418182
9/24/2021 0:00,1875.439189
9/25/2021 0:00,1476.215278
9/26/2021 0:00,1406.906475
9/27/2021 0:00,1650.793548
9/28/2021 0:00,1725.605263
9/29/2021 0:00,1861.469231
9/30/2021 0:00,1713.883041
10/1/2021 0:00,1978.871429
10/2/2021 0:00,1382.771277
10/3/2021 0:00,1454.08
10/4/2021 0:00,1724.070513
10/5/2021 0:00,1905.719512
10/6/2021 0:00,2043.885496
10/7/2021 0:00,2311.170213
10/8/2021 0:00,2333.566667
10/9/2021 0:00,1641.26
10/10/2021 0:00,1330.226415
10/11/2021 0:00,1919.068493
10/12/2021 0:00,2045.932836
10/13/2021 0:00,1709.56213
10/14/2021 0:00,2061.189781
10/15/2021 0:00,2111.673759
10/16/2021 0:00,2030.466165
10/17/2021 0:00,1349.26875
10/18/2021 0:00,1928.162162
10/19/2021 0:00,2013.019355
10/20/2021 0:00,1958.47651
10/21/2021 0:00,2167.182432
10/22/2021 0:00,1819.936709
10/23/2021 0:00,1544.42069
10/24/2021 0:00,1380.522876
10/25/2021 0:00,1564.175824
10/26/2021 0:00,1960.193333
10/27/2021 0:00,1860.598726
10/28/2021 0:00,1931.751634
10/29/2021 0:00,1787.912281
10/30/2021 0:00,1626.2
10/31/2021 0:00,1564.280576
11/1/2021 0:00,1981.635135
11/2/2021 0:00,1882.291139
11/3/2021 0:00,1793.453416
11/4/2021 0:00,2021.965035
11/5/2021 0:00,1844.812903
11/6/2021 0:00,1533.980519
11/7/2021 0:00,1477.960784
11/8/2021 0:00,2117.081481
11/9/2021 0:00,2206.651316
11/10/2021 0:00,2020.302013
11/11/2021 0:00,1858.639241
11/12/2021 0:00,1986.260563
11/13/2021 0:00,1559.699346
11/14/2021 0:00,1426.853503
11/15/2021 0:00,1910.165563
11/16/2021 0:00,2007.353333
11/17/2021 0:00,1948.926174
11/18/2021 0:00,2040.743056
11/19/2021 0:00,2078.240876
11/20/2021 0:00,1721.737931
11/21/2021 0:00,1689.007576
11/22/2021 0:00,1979.893617
11/23/2021 0:00,2146.977273
11/24/2021 0:00,1903.878981
11/25/2021 0:00,2211.507692
11/26/2021 0:00,2217.007576
11/27/2021 0:00,1683.629371
11/28/2021 0:00,1537.899281
11/29/2021 0:00,2106.972028
11/30/2021 0:00,2193.104478
12/1/2021 0:00,2105.270073
12/2/2021 0:00,2021.03871
12/3/2021 0:00,1727.017857
12/4/2021 0:00,1636.606452
12/5/2021 0:00,1296.463855
12/6/2021 0:00,1653.877907
12/7/2021 0:00,1872.357143
12/8/2021 0:00,1583.988095
12/9/2021 0:00,1734.815951
12/10/2021 0:00,1739.583333
12/11/2021 0:00,1494.92053
12/12/2021 0:00,1534.342857
12/13/2021 0:00,1973.12766
12/14/2021 0:00,1880.236486
12/15/2021 0:00,1993.638298
12/16/2021 0:00,2227.878261
12/17/2021 0:00,1768.422819
12/18/2021 0:00,1868.515625
12/19/2021 0:00,1387.375839
12/20/2021 0:00,1853.798611
12/21/2021 0:00,1892.627329
12/22/2021 0:00,1949.290541
12/23/2021 0:00,1919.730263
12/24/2021 0:00,1725.596026
12/25/2021 0:00,1413.62585
12/26/2021 0:00,1481.895522
12/27/2021 0:00,1686.135135
12/28/2021 0:00,1980.761194
12/29/2021 0:00,1904.02069
12/30/2021 0:00,2059
12/31/2021 0:00,1808.993289
1/1/2022 0:00,1086.244186
1/2/2022 0:00,1245.981013
1/3/2022 0:00,1677.092857
1/4/2022 0:00,1867.646259
1/5/2022 0:00,1814.366667
1/6/2022 0:00,1814.376712
1/7/2022 0:00,1824.15
1/8/2022 0:00,1555
1/9/2022 0:00,1490.375887
1/10/2022 0:00,1878.471831
1/11/2022 0:00,1757.582278
1/12/2022 0:00,1956.352518
1/13/2022 0:00,1533.603352
1/14/2022 0:00,1703.660377
1/15/2022 0:00,1411.885542
1/16/2022 0:00,1235.148571
1/17/2022 0:00,1603.360248
1/18/2022 0:00,1948.948529
1/19/2022 0:00,1562.624277
1/20/2022 0:00,1605.118343
1/21/2022 0:00,2032.447761
1/22/2022 0:00,1867.865672
1/23/2022 0:00,1446.70922
1/24/2022 0:00,1804.746667
1/25/2022 0:00,1744.263158
1/26/2022 0:00,2008.230769
1/27/2022 0:00,1953.625954
1/28/2022 0:00,1718.24026
1/29/2022 0:00,1550.590604
1/30/2022 0:00,1418.993151
1/31/2022 0:00,1842.027972
2/1/2022 0:00,1772.623377
2/2/2022 0:00,1823.431373
2/3/2022 0:00,1805.061224
2/4/2022 0:00,1907.276923
2/5/2022 0:00,2173.495798
2/6/2022 0:00,1405.102564
2/7/2022 0:00,1926.720588
2/8/2022 0:00,1797.727273
2/9/2022 0:00,1898.6
2/10/2022 0:00,1774.238095
2/11/2022 0:00,1821.091549
2/12/2022 0:00,1220.262032
2/13/2022 0:00,1322.639241
2/14/2022 0:00,1618.248366
2/15/2022 0:00,1563.56
2/16/2022 0:00,1710.179487
2/17/2022 0:00,1627.853503
2/18/2022 0:00,1948.171642
2/19/2022 0:00,1481.026846
2/20/2022 0:00,1392.604167
2/21/2022 0:00,1930.097561
2/22/2022 0:00,1712.269737
2/23/2022 0:00,1675.166667
2/24/2022 0:00,1925.295455
2/25/2022 0:00,1942.835821
2/26/2022 0:00,1763.384
2/27/2022 0:00,1552.676471
2/28/2022 0:00,1759.207792
3/1/2022 0:00,1732.308642
3/2/2022 0:00,2122.477941
3/3/2022 0:00,1812.459459
3/4/2022 0:00,1885.618705
3/5/2022 0:00,1831.878049
3/6/2022 0:00,1581.038168
3/7/2022 0:00,1725.952703
3/8/2022 0:00,1728.182432
3/9/2022 0:00,1976.847826
3/10/2022 0:00,1803.813793
3/11/2022 0:00,1828.862319
3/12/2022 0:00,1443.25641
3/13/2022 0:00,1378.092715
3/14/2022 0:00,1696.679739
3/15/2022 0:00,1893.366906
3/16/2022 0:00,1783.16129
3/17/2022 0:00,1753.459119
3/18/2022 0:00,1827.398601
3/19/2022 0:00,1564.025806
3/20/2022 0:00,1367.188312
3/21/2022 0:00,1698.771242
3/22/2022 0:00,1775.630872
3/23/2022 0:00,1821.944828
3/24/2022 0:00,1839.06993
3/25/2022 0:00,1863.583333
3/26/2022 0:00,1434.975155
3/27/2022 0:00,1665.664122
3/28/2022 0:00,1844.679245
3/29/2022 0:00,1900.264901
3/30/2022 0:00,2021.214815
3/31/2022 0:00,2023.26087
4/1/2022 0:00,2014.929078
4/2/2022 0:00,1884.755556
4/3/2022 0:00,1622.76259
4/4/2022 0:00,1741.177215
4/5/2022 0:00,1885.724138
4/6/2022 0:00,1824.266667
4/7/2022 0:00,1952.202899
4/8/2022 0:00,1991.08209
4/9/2022 0:00,1521.51634
4/10/2022 0:00,1546.042857
4/11/2022 0:00,2019.145985
4/12/2022 0:00,1822.477124
4/13/2022 0:00,1978.342857
4/14/2022 0:00,1924.181159
4/15/2022 0:00,1612.85443
4/16/2022 0:00,1682.731343
4/17/2022 0:00,1256.509091
4/18/2022 0:00,1838.962687
4/19/2022 0:00,2202.967742
4/20/2022 0:00,1785.34375
4/21/2022 0:00,1671.230769
4/22/2022 0:00,1932.814815
4/23/2022 0:00,1441.582822
4/24/2022 0:00,1298.19883
4/25/2022 0:00,1712.450617
4/26/2022 0:00,1952.121429
4/27/2022 0:00,1688.852941
4/28/2022 0:00,2089.128788
4/29/2022 0:00,1910.42
4/30/2022 0:00,1744.2
5/1/2022 0:00,1391.149701
5/2/2022 0:00,1701.2875
5/3/2022 0:00,1852.633333
5/4/2022 0:00,1596.19863
5/5/2022 0:00,2011.203822
5/6/2022 0:00,2020.330986
5/7/2022 0:00,1619.741259
5/8/2022 0:00,1508.980645
5/9/2022 0:00,1803.296774
5/10/2022 0:00,1827.830065
5/11/2022 0:00,1811.606897
5/12/2022 0:00,2031.140741
5/13/2022 0:00,1775.526316
5/14/2022 0:00,2058.333333
5/15/2022 0:00,1929.778689
5/16/2022 0:00,1659.353659
5/17/2022 0:00,1894.530612
5/18/2022 0:00,1961.992537
5/19/2022 0:00,2151.467213
5/20/2022 0:00,2086.203125
5/21/2022 0:00,1668.333333
5/22/2022 0:00,1713.5
5/23/2022 0:00,1656.9125
5/24/2022 0:00,1965.55
5/25/2022 0:00,2005.847222
5/26/2022 0:00,1860.758865
5/27/2022 0:00,1959.804348
5/28/2022 0:00,1532.391892
5/29/2022 0:00,1395.026846
5/30/2022 0:00,1765.058442
5/31/2022 0:00,1892.280822
6/1/2022 0:00,2001.213235
6/2/2022 0:00,2119.208
6/3/2022 0:00,1870.748252
6/4/2022 0:00,1572.870504
6/5/2022 0:00,1379.047945
6/6/2022 0:00,1792.806667
6/7/2022 0:00,1627.41358
6/8/2022 0:00,1469.646067
6/9/2022 0:00,1795.239726
6/10/2022 0:00,1781.333333
6/11/2022 0:00,1493.519481
6/12/2022 0:00,1696.637795
6/13/2022 0:00,2048.894737
6/14/2022 0:00,1939.938356
6/15/2022 0:00,1795.830303
6/16/2022 0:00,2111.369748
6/17/2022 0:00,2329.388889
6/18/2022 0:00,1589.038462
6/19/2022 0:00,1502.082707
6/20/2022 0:00,1792.69697
6/21/2022 0:00,1696.253333
6/22/2022 0:00,1980.403101
6/23/2022 0:00,1679.032895
6/24/2022 0:00,1971.689922
6/25/2022 0:00,1443.821192
6/26/2022 0:00,1498.224638
6/27/2022 0:00,1903.551471
6/28/2022 0:00,1699.178082
6/29/2022 0:00,1755.490066
6/30/2022 0:00,1586.040936
7/1/2022 0:00,2028.910448
7/2/2022 0:00,1703.594203
7/3/2022 0:00,1331.180645
7/4/2022 0:00,1681.013986
7/5/2022 0:00,2083.29661
7/6/2022 0:00,2103.291339
7/7/2022 0:00,1792.579618
7/8/2022 0:00,1813.047297
7/9/2022 0:00,1647.074627
7/10/2022 0:00,1303.065359
7/11/2022 0:00,1865.707317
7/12/2022 0:00,1823.695364
7/13/2022 0:00,2024.154545
7/14/2022 0:00,2313.66129
7/15/2022 0:00,1896.260563
7/16/2022 0:00,1531.337838
7/17/2022 0:00,1630.298387
7/18/2022 0:00,1892.328244
7/19/2022 0:00,2028.623188
7/20/2022 0:00,2065.039683
7/21/2022 0:00,1971.05036
7/22/2022 0:00,1994.515152
7/23/2022 0:00,1452.883117
7/24/2022 0:00,1273.369427
7/25/2022 0:00,1784.626761
7/26/2022 0:00,1655.38125
7/27/2022 0:00,1551.090909
7/28/2022 0:00,2037.262411
7/29/2022 0:00,1928.821918
7/30/2022 0:00,1803.844961
7/31/2022 0:00,1375.276316
8/1/2022 0:00,1835.367647
8/2/2022 0:00,1722.374194
8/3/2022 0:00,1945.082759
8/4/2022 0:00,2118.992424
8/5/2022 0:00,1789.753333
8/6/2022 0:00,1476.254658
8/7/2022 0:00,1233.716981
8/8/2022 0:00,1781.819444
8/9/2022 0:00,1791.839161
8/10/2022 0:00,1787.608108
8/11/2022 0:00,2052.542857
8/12/2022 0:00,1777.019481
8/13/2022 0:00,1678.47482
8/14/2022 0:00,1543.984962
8/15/2022 0:00,1668.510345
8/16/2022 0:00,1850.648649
8/17/2022 0:00,1985.48062
8/18/2022 0:00,2027.229167
8/19/2022 0:00,1572.52809
8/20/2022 0:00,1494.778523
8/21/2022 0:00,1407.089041
8/22/2022 0:00,1727.82069
8/23/2022 0:00,1493.767442
8/24/2022 0:00,1757.575342
8/25/2022 0:00,1638.113208
8/26/2022 0:00,1492.738636
8/27/2022 0:00,1554.62069
8/28/2022 0:00,1255.335404
8/29/2022 0:00,1606.592357
8/30/2022 0:00,1620.030864
8/31/2022 0:00,1783.732877
9/1/2022 0:00,1942.188406
9/2/2022 0:00,2097.581395
9/3/2022 0:00,1650.319728
9/4/2022 0:00,1217.488095
9/5/2022 0:00,1635.156863
9/6/2022 0:00,1888.204225
9/7/2022 0:00,1816.705479
9/8/2022 0:00,2069.787402
9/9/2022 0:00,1978.564626
9/10/2022 0:00,1540.993631
9/11/2022 0:00,1204.15847
9/12/2022 0:00,1757.980392
9/13/2022 0:00,1898.59854
9/14/2022 0:00,2128.417323
9/15/2022 0:00,1884.632653
9/16/2022 0:00,2041.882813
9/17/2022 0:00,1458.017647
9/18/2022 0:00,1379.194805
9/19/2022 0:00,1952.269231
9/20/2022 0:00,1774.822368
9/21/2022 0:00,1850.524823
9/22/2022 0:00,1920.265625
9/23/2022 0:00,2084.585185
9/24/2022 0:00,1561.917808
9/25/2022 0:00,1442.238095
9/26/2022 0:00,1728.74
9/27/2022 0:00,2101.682171
9/28/2022 0:00,1760.32
9/29/2022 0:00,1869.524476
9/30/2022 0:00,1696.284024
10/1/2022 0:00,1336.977901
10/2/2022 0:00,1360.802548
10/3/2022 0:00,1778.051948
10/4/2022 0:00,1710.08589
10/5/2022 0:00,1525.834286
10/6/2022 0:00,1749.710692
10/7/2022 0:00,1580.064327
10/8/2022 0:00,1345.702857
10/9/2022 0:00,1336.949367
10/10/2022 0:00,1537.416667
10/11/2022 0:00,1697.140127
10/12/2022 0:00,1906.540146
10/13/2022 0:00,1965.685315
10/14/2022 0:00,1824.666667
10/15/2022 0:00,1590.513158
10/16/2022 0:00,1478.604167
10/17/2022 0:00,1736.473333
10/18/2022 0:00,1814.746479
10/19/2022 0:00,1745.145695
10/20/2022 0:00,1820.593103
10/21/2022 0:00,1735.519231
10/22/2022 0:00,1713.948529
10/23/2022 0:00,1405.625806
10/24/2022 0:00,1944.75
10/25/2022 0:00,2037.213115
10/26/2022 0:00,1974.63871
10/27/2022 0:00,1985.148148
10/28/2022 0:00,1780.09434
10/29/2022 0:00,1766.86014
10/30/2022 0:00,1645.466667
10/31/2022 0:00,1642.34104
11/1/2022 0:00,1918
11/2/2022 0:00,2110.385246
11/3/2022 0:00,1811.213415
11/4/2022 0:00,2182.286822
11/5/2022 0:00,1703.298013
11/6/2022 0:00,1630.686131
11/7/2022 0:00,1839.368056
11/8/2022 0:00,1814.588957
11/9/2022 0:00,1961.510067
11/10/2022 0:00,1992.047619
11/11/2022 0:00,2122.88806
11/12/2022 0:00,1432.658683
11/13/2022 0:00,1764.682171
11/14/2022 0:00,1970.861789
11/15/2022 0:00,1826.387097
11/16/2022 0:00,1789.153333
11/17/2022 0:00,1800.471014
11/18/2022 0:00,2029.431655
11/19/2022 0:00,1773.428571
11/20/2022 0:00,1543.107383
11/21/2022 0:00,2099.062016
11/22/2022 0:00,2009.801587
11/23/2022 0:00,1943.241135
11/24/2022 0:00,1973.945736
11/25/2022 0:00,2100.333333
11/26/2022 0:00,2107.66055
11/27/2022 0:00,1637.294118
11/28/2022 0:00,1889.467626
11/29/2022 0:00,2072.610687
11/30/2022 0:00,1966.782609
12/1/2022 0:00,1865.797386
12/2/2022 0:00,2173.8
12/3/2022 0:00,1915.656489
12/4/2022 0:00,1570.071429
12/5/2022 0:00,1877.150685
12/6/2022 0:00,1943.985185
12/7/2022 0:00,1583.302326
12/8/2022 0:00,1579.868263
12/9/2022 0:00,1747.815789
12/10/2022 0:00,1569.272727
12/11/2022 0:00,1481.55102
12/12/2022 0:00,1836.685315
12/13/2022 0:00,1740.751515
12/14/2022 0:00,1867.844595
12/15/2022 0:00,1990.741007
12/16/2022 0:00,1955.2
12/17/2022 0:00,1907.246377
12/18/2022 0:00,1466.710345
12/19/2022 0:00,1905.117647
12/20/2022 0:00,1920.664286
12/21/2022 0:00,1905.531469
12/22/2022 0:00,2008.748148
12/23/2022 0:00,2075.19697
12/24/2022 0:00,2397.067416
12/25/2022 0:00,1456.12766
12/26/2022 0:00,1732.589147
12/27/2022 0:00,2081.382609
12/28/2022 0:00,1624.696429
12/29/2022 0:00,1886.205674
12/30/2022 0:00,1841.867089
12/31/2022 0:00,1553.365385
1/1/2023 0:00,1209.780645
1/2/2023 0:00,1470.173077
1/3/2023 0:00,1766.590909
1/4/2023 0:00,1943.608392
1/5/2023 0:00,1779.56051
1/6/2023 0:00,1533.727778
1/7/2023 0:00,1601.811688
1/8/2023 0:00,1493.385621
1/9/2023 0:00,1890.440789
1/10/2023 0:00,1791.769231
1/11/2023 0:00,1955.741497
1/12/2023 0:00,2092.582781
1/13/2023 0:00,1990.874214
1/14/2023 0:00,1812.163743
1/15/2023 0:00,1546.539877
1/16/2023 0:00,2059.891156
1/17/2023 0:00,1978.942308
1/18/2023 0:00,2143.178571
1/19/2023 0:00,2061.510345
1/20/2023 0:00,2241.075758
1/21/2023 0:00,2085.942029
1/22/2023 0:00,1660.662252
1/23/2023 0:00,1858.917722
1/24/2023 0:00,2271.085271
1/25/2023 0:00,1752.462857
1/26/2023 0:00,1911.374194
1/27/2023 0:00,1968.694805
1/28/2023 0:00,1600.291667
1/29/2023 0:00,1606.10559
1/30/2023 0:00,2245.717391
1/31/2023 0:00,2726.086957
2/1/2023 0:00,2522.343066
2/2/2023 0:00,2345.993103
2/3/2023 0:00,2375.571429
2/4/2023 0:00,2238.933824
2/5/2023 0:00,1671.796053
2/6/2023 0:00,2040.385135
2/7/2023 0:00,2115.697183
2/8/2023 0:00,2296.833333
2/9/2023 0:00,2280.858025
2/10/2023 0:00,2041.442177
2/11/2023 0:00,1881.33557
2/12/2023 0:00,1612.68323
2/13/2023 0:00,1918.775641
2/14/2023 0:00,1965.279221
2/15/2023 0:00,1996.687117
2/16/2023 0:00,1925.759777
2/17/2023 0:00,1947.030303
2/18/2023 0:00,1647.607143
2/19/2023 0:00,1483.987654
2/20/2023 0:00,1837.285714
2/21/2023 0:00,1739.263473
2/22/2023 0:00,2016.564286
2/23/2023 0:00,1700.163743
2/24/2023 0:00,2181.940741
2/25/2023 0:00,2415.074766
2/26/2023 0:00,1649.422619
2/27/2023 0:00,2091.057143
2/28/2023 0:00,2425.970803
3/1/2023 0:00,2246.658824
3/2/2023 0:00,2291.993056
3/3/2023 0:00,2114.720238
3/4/2023 0:00,2015.131579
3/5/2023 0:00,1849.277419
3/6/2023 0:00,2394.060606
3/7/2023 0:00,2194.436364
3/8/2023 0:00,2199.195489
3/9/2023 0:00,2495.214815
3/10/2023 0:00,2421.573529
3/11/2023 0:00,1937.618182
3/12/2023 0:00,1649.409938
3/13/2023 0:00,2121.700637
3/14/2023 0:00,2245.835616
3/15/2023 0:00,2347.340136
3/16/2023 0:00,2201.858209
3/17/2023 0:00,2304.918367
3/18/2023 0:00,1832.654321
3/19/2023 0:00,1818.452703
3/20/2023 0:00,2216.155844
3/21/2023 0:00,2261.6
3/22/2023 0:00,1871.540881
3/23/2023 0:00,1613.360656
3/24/2023 0:00,1803.055556
3/25/2023 0:00,2001.358621
3/26/2023 0:00,1814.1875
3/27/2023 0:00,2003.763514
3/28/2023 0:00,2360.30597
3/29/2023 0:00,2276.442177
3/30/2023 0:00,2105.464516
3/31/2023 0:00,2187.134752
4/1/2023 0:00,2283.185714
4/2/2023 0:00,2292.765101
4/3/2023 0:00,2540.992366
4/4/2023 0:00,2599.567901
4/5/2023 0:00,2495.57554
4/6/2023 0:00,2212.61875
