3/12/2020 0:00,0.376633322
3/13/2020 0:00,0.313409278
3/14/2020 0:00,0.768603489
3/15/2020 0:00,1.172461295
3/16/2020 0:00,0.431327193
3/17/2020 0:00,0.545866077
3/18/2020 0:00,0.638481691
3/19/2020 0:00,0.663386235
3/20/2020 0:00,0.453721029
3/21/2020 0:00,1.525234603
3/22/2020 0:00,1.412547013
3/23/2020 0:00,0.844614171
3/24/2020 0:00,0.595389833
3/25/2020 0:00,0.862999583
3/26/2020 0:00,1.392962785
3/27/2020 0:00,1.104980159
3/28/2020 0:00,1.812313439
3/29/2020 0:00,2.041546028
3/30/2020 0:00,1.094691844
3/31/2020 0:00,1.112730116
4/1/2020 0:00,1.43763569
4/2/2020 0:00,1.169980861
4/3/2020 0:00,1.148212113
4/4/2020 0:00,2.93569141
4/5/2020 0:00,3.347102613
4/6/2020 0:00,0.603257355
4/7/2020 0:00,1.025488354
4/8/2020 0:00,1.38630841
4/9/2020 0:00,0.616098052
4/10/2020 0:00,1.30394053
4/11/2020 0:00,2.974441886
4/12/2020 0:00,3.268078424
4/13/2020 0:00,1.305417063
4/14/2020 0:00,1.769623407
4/15/2020 0:00,1.442661566
4/16/2020 0:00,1.055960231
4/17/2020 0:00,1.079200197
4/18/2020 0:00,2.743567306
4/19/2020 0:00,2.997045016
4/20/2020 0:00,1.452279381
4/21/2020 0:00,1.221974176
4/22/2020 0:00,1.219726026
4/23/2020 0:00,1.025892603
4/24/2020 0:00,0.736377698
4/25/2020 0:00,2.214528326
4/26/2020 0:00,2.798974962
4/27/2020 0:00,1.124362817
4/28/2020 0:00,1.426659565
4/29/2020 0:00,0.494131907
4/30/2020 0:00,0.610625954
5/1/2020 0:00,0.888950425
5/2/2020 0:00,2.617071298
5/3/2020 0:00,2.458832019
5/4/2020 0:00,1.375533702
5/5/2020 0:00,1.577745469
5/6/2020 0:00,1.257460306
5/7/2020 0:00,0.941145825
5/8/2020 0:00,0.707845736
5/9/2020 0:00,0.918719842
5/10/2020 0:00,1.658911267
5/11/2020 0:00,1.011125874
5/12/2020 0:00,0.470427809
5/13/2020 0:00,0.424970693
5/14/2020 0:00,0.656447115
5/15/2020 0:00,0.57118762
5/16/2020 0:00,0.932336197
5/17/2020 0:00,1.28328166
5/18/2020 0:00,0.643756283
5/19/2020 0:00,0.67020115
5/20/2020 0:00,0.518619447
5/21/2020 0:00,0.517094175
5/22/2020 0:00,0.593487364
5/23/2020 0:00,1.188571716
5/24/2020 0:00,0.742231736
5/25/2020 0:00,0.322271672
5/26/2020 0:00,0.747837809
5/27/2020 0:00,0.55871995
5/28/2020 0:00,0.650799245
5/29/2020 0:00,0.515957627
5/30/2020 0:00,1.365125458
5/31/2020 0:00,0.611357258
6/1/2020 0:00,0.370500401
6/2/2020 0:00,0.33247559
6/3/2020 0:00,0.663875932
6/4/2020 0:00,0.55643114
6/5/2020 0:00,0.643625556
6/6/2020 0:00,2.157794845
6/7/2020 0:00,1.960864183
6/8/2020 0:00,0.702782221
6/9/2020 0:00,0.855988628
6/10/2020 0:00,0.877703129
6/11/2020 0:00,0.494581159
6/12/2020 0:00,0.829144902
6/13/2020 0:00,1.669021901
6/14/2020 0:00,2.261451991
6/15/2020 0:00,0.489995536
6/16/2020 0:00,0.580311454
6/17/2020 0:00,0.512833392
6/18/2020 0:00,0.647619046
6/19/2020 0:00,0.374424038
6/20/2020 0:00,1.419169283
6/21/2020 0:00,1.677304613
6/22/2020 0:00,0.651551389
6/23/2020 0:00,0.461744088
6/24/2020 0:00,0.515086955
6/25/2020 0:00,0.469897988
6/26/2020 0:00,0.501998388
6/27/2020 0:00,1.347352176
6/28/2020 0:00,1.439140169
6/29/2020 0:00,0.782141422
6/30/2020 0:00,0.912954748
7/1/2020 0:00,0.689518208
7/2/2020 0:00,0.745308503
7/3/2020 0:00,0.849188873
7/4/2020 0:00,1.538164835
7/5/2020 0:00,1.848083207
7/6/2020 0:00,0.677419748
7/7/2020 0:00,0.776829794
7/8/2020 0:00,0.58572516
7/9/2020 0:00,0.74632476
7/10/2020 0:00,0.792140361
7/11/2020 0:00,1.614435799
7/12/2020 0:00,1.872198392
7/13/2020 0:00,0.657980321
7/14/2020 0:00,0.722884168
7/15/2020 0:00,0.689996436
7/16/2020 0:00,0.669008509
7/17/2020 0:00,0.675686518
7/18/2020 0:00,1.181061987
7/19/2020 0:00,1.264658827
7/20/2020 0:00,0.833644781
7/21/2020 0:00,0.619134805
7/22/2020 0:00,0.607675713
7/23/2020 0:00,0.542522082
7/24/2020 0:00,0.683584158
7/25/2020 0:00,1.062761376
7/26/2020 0:00,1.048987985
7/27/2020 0:00,0.44027684
7/28/2020 0:00,0.440508905
7/29/2020 0:00,0.58984681
7/30/2020 0:00,0.596858156
7/31/2020 0:00,0.592762256
8/1/2020 0:00,0.891978009
8/2/2020 0:00,0.964517304
8/3/2020 0:00,0.489340954
8/4/2020 0:00,0.755197283
8/5/2020 0:00,0.781803763
8/6/2020 0:00,0.648945301
8/7/2020 0:00,0.679736102
8/8/2020 0:00,1.179596825
8/9/2020 0:00,1.476721626
8/10/2020 0:00,0.577602036
8/11/2020 0:00,0.707212674
8/12/2020 0:00,0.781789195
8/13/2020 0:00,0.696704196
8/14/2020 0:00,0.597710826
8/15/2020 0:00,1.149857225
8/16/2020 0:00,1.314190744
8/17/2020 0:00,0.50772864
8/18/2020 0:00,0.539373127
8/19/2020 0:00,0.610897538
8/20/2020 0:00,0.769378554
8/21/2020 0:00,0.856407586
8/22/2020 0:00,1.167219181
8/23/2020 0:00,1.76361184
8/24/2020 0:00,0.877751454
8/25/2020 0:00,0.662542615
8/26/2020 0:00,0.70611654
8/27/2020 0:00,0.675423908
8/28/2020 0:00,0.645773414
8/29/2020 0:00,1.202614841
8/30/2020 0:00,0.911970937
8/31/2020 0:00,0.518562088
9/1/2020 0:00,0.549116692
9/2/2020 0:00,0.572537761
9/3/2020 0:00,0.473082622
9/4/2020 0:00,0.418779922
9/5/2020 0:00,0.825260099
9/6/2020 0:00,1.105234835
9/7/2020 0:00,0.698470233
9/8/2020 0:00,0.625689469
9/9/2020 0:00,0.702067846
9/10/2020 0:00,0.751036157
9/11/2020 0:00,0.618233158
9/12/2020 0:00,1.373667084
9/13/2020 0:00,1.403495535
9/14/2020 0:00,0.760677157
9/15/2020 0:00,0.67631897
9/16/2020 0:00,0.607709961
9/17/2020 0:00,0.745200591
9/18/2020 0:00,0.620798857
9/19/2020 0:00,1.055801492
9/20/2020 0:00,1.187146803
9/21/2020 0:00,0.639579028
9/22/2020 0:00,0.568134653
9/23/2020 0:00,0.531104033
9/24/2020 0:00,0.487088501
9/25/2020 0:00,0.656566704
9/26/2020 0:00,1.35455517
9/27/2020 0:00,1.356260065
9/28/2020 0:00,0.579454811
9/29/2020 0:00,0.588578137
9/30/2020 0:00,0.735646255
10/1/2020 0:00,0.56219429
10/2/2020 0:00,0.448041453
10/3/2020 0:00,1.282442199
10/4/2020 0:00,1.741795288
10/5/2020 0:00,0.797051328
10/6/2020 0:00,0.725784357
10/7/2020 0:00,0.605739939
10/8/2020 0:00,0.772629719
10/9/2020 0:00,0.534208845
10/10/2020 0:00,0.968084277
10/11/2020 0:00,1.635905267
10/12/2020 0:00,0.757791317
10/13/2020 0:00,0.751393162
10/14/2020 0:00,0.70706703
10/15/2020 0:00,0.713375218
10/16/2020 0:00,0.676448958
10/17/2020 0:00,1.681255758
10/18/2020 0:00,1.590286977
10/19/2020 0:00,0.602928241
10/20/2020 0:00,0.706968312
10/21/2020 0:00,0.485414256
10/22/2020 0:00,0.410241051
10/23/2020 0:00,0.455885776
10/24/2020 0:00,1.350125244
10/25/2020 0:00,1.350226719
10/26/2020 0:00,0.486848886
10/27/2020 0:00,0.56709543
10/28/2020 0:00,0.454711107
10/29/2020 0:00,0.58338081
10/30/2020 0:00,0.677460095
10/31/2020 0:00,1.013611712
11/1/2020 0:00,1.125971102
11/2/2020 0:00,0.635594086
11/3/2020 0:00,0.415224393
11/4/2020 0:00,0.836693182
11/5/2020 0:00,0.405721668
11/6/2020 0:00,0.535421978
11/7/2020 0:00,1.073731206
11/8/2020 0:00,1.348354964
11/9/2020 0:00,0.741071037
11/10/2020 0:00,0.625149954
11/11/2020 0:00,0.590043694
11/12/2020 0:00,0.545684747
11/13/2020 0:00,0.603457744
11/14/2020 0:00,1.149659024
11/15/2020 0:00,1.970058763
11/16/2020 0:00,0.755645037
11/17/2020 0:00,0.587819867
11/18/2020 0:00,0.510839192
11/19/2020 0:00,0.641195381
11/20/2020 0:00,0.491229196
11/21/2020 0:00,0.913317059
11/22/2020 0:00,1.437269312
11/23/2020 0:00,0.666291735
11/24/2020 0:00,0.424785878
11/25/2020 0:00,0.568569426
11/26/2020 0:00,0.515122648
11/27/2020 0:00,0.508164861
11/28/2020 0:00,1.345090499
11/29/2020 0:00,1.331693173
11/30/2020 0:00,0.44468533
12/1/2020 0:00,0.456935387
12/2/2020 0:00,0.613030466
12/3/2020 0:00,0.793030454
12/4/2020 0:00,0.620602723
12/5/2020 0:00,1.495411591
12/6/2020 0:00,1.717578857
12/7/2020 0:00,0.91937818
12/8/2020 0:00,0.502175792
12/9/2020 0:00,0.661056944
12/10/2020 0:00,0.42425097
12/11/2020 0:00,0.582683338
12/12/2020 0:00,0.849717501
12/13/2020 0:00,0.569848466
12/14/2020 0:00,0.689394905
12/15/2020 0:00,0.59781095
12/16/2020 0:00,0.468615609
12/17/2020 0:00,0.403213727
12/18/2020 0:00,0.441042197
12/19/2020 0:00,0.934826053
12/20/2020 0:00,0.986196823
12/21/2020 0:00,0.594504775
12/22/2020 0:00,0.373857487
12/23/2020 0:00,0.405082661
12/24/2020 0:00,0.516323879
12/25/2020 0:00,1.011568695
12/26/2020 0:00,0.907082374
12/27/2020 0:00,0.583986697
12/28/2020 0:00,0.373346161
12/29/2020 0:00,0.512705355
12/30/2020 0:00,0.580364806
12/31/2020 0:00,0.590497002
1/1/2021 0:00,0.669275898
1/2/2021 0:00,0.518648743
1/3/2021 0:00,0.614294439
1/4/2021 0:00,0.529815083
1/5/2021 0:00,0.52121994
1/6/2021 0:00,0.569598649
1/7/2021 0:00,0.456980295
1/8/2021 0:00,0.479226665
1/9/2021 0:00,0.699881618
1/10/2021 0:00,1.009101808
1/11/2021 0:00,0.5442185
1/12/2021 0:00,0.523755573
1/13/2021 0:00,0.710482373
1/14/2021 0:00,0.509033973
1/15/2021 0:00,0.639075125
1/16/2021 0:00,1.483353984
1/17/2021 0:00,1.246892218
1/18/2021 0:00,0.941721627
1/19/2021 0:00,0.511896472
1/20/2021 0:00,0.673193098
1/21/2021 0:00,0.649741647
1/22/2021 0:00,0.595109998
1/23/2021 0:00,1.604774813
1/24/2021 0:00,1.540196753
1/25/2021 0:00,0.848449351
1/26/2021 0:00,0.832594821
1/27/2021 0:00,0.555733585
1/28/2021 0:00,0.642145729
1/29/2021 0:00,0.47600574
1/30/2021 0:00,0.984963237
1/31/2021 0:00,1.071031719
2/1/2021 0:00,0.656213053
2/2/2021 0:00,0.889816701
2/3/2021 0:00,0.78484623
2/4/2021 0:00,0.699929839
2/5/2021 0:00,0.741667993
2/6/2021 0:00,0.99059405
2/7/2021 0:00,1.168657909
2/8/2021 0:00,0.581898106
2/9/2021 0:00,0.476587723
2/10/2021 0:00,0.676588388
2/11/2021 0:00,0.748050497
2/12/2021 0:00,0.682436769
2/13/2021 0:00,1.46739026
2/14/2021 0:00,1.622661433
2/15/2021 0:00,1.029345079
2/16/2021 0:00,0.692206436
2/17/2021 0:00,0.662518989
2/18/2021 0:00,0.668706784
2/19/2021 0:00,0.660100633
2/20/2021 0:00,0.853323723
2/21/2021 0:00,0.735150744
2/22/2021 0:00,0.621251305
2/23/2021 0:00,0.400639982
2/24/2021 0:00,0.654827415
2/25/2021 0:00,0.714861959
2/26/2021 0:00,0.658004077
2/27/2021 0:00,1.497106996
2/28/2021 0:00,1.251592519
3/1/2021 0:00,0.758679282
3/2/2021 0:00,0.753928888
3/3/2021 0:00,0.843144075
3/4/2021 0:00,0.870147621
3/5/2021 0:00,0.581160172
3/6/2021 0:00,1.766586369
3/7/2021 0:00,1.518351188
3/8/2021 0:00,0.833471075
3/9/2021 0:00,0.727699308
3/10/2021 0:00,0.757870506
3/11/2021 0:00,0.674794009
3/12/2021 0:00,0.715185725
3/13/2021 0:00,0.950189722
3/14/2021 0:00,1.094839092
3/15/2021 0:00,0.807356476
3/16/2021 0:00,0.68522716
3/17/2021 0:00,0.849540611
3/18/2021 0:00,1.132674613
3/19/2021 0:00,1.034894276
3/20/2021 0:00,1.820779574
3/21/2021 0:00,1.643729427
3/22/2021 0:00,1.104622511
3/23/2021 0:00,0.804813794
3/24/2021 0:00,0.81805189
3/25/2021 0:00,0.748000565
3/26/2021 0:00,0.66119331
3/27/2021 0:00,1.583864629
3/28/2021 0:00,2.1399811
3/29/2021 0:00,0.904379871
3/30/2021 0:00,0.938255224
3/31/2021 0:00,0.936961845
4/1/2021 0:00,0.843483052
4/2/2021 0:00,0.880400605
4/3/2021 0:00,1.41366844
4/4/2021 0:00,1.878992272
4/5/2021 0:00,1.103703043
4/6/2021 0:00,0.517096593
4/7/2021 0:00,0.960713773
4/8/2021 0:00,0.86755026
4/9/2021 0:00,0.994224637
4/10/2021 0:00,1.051932495
4/11/2021 0:00,1.46506297
4/12/2021 0:00,0.812463107
4/13/2021 0:00,0.656147209
4/14/2021 0:00,0.666905655
4/15/2021 0:00,1.070201864
4/16/2021 0:00,0.610663281
4/17/2021 0:00,1.345987572
4/18/2021 0:00,0.486832102
4/19/2021 0:00,0.673622926
4/20/2021 0:00,0.746005704
4/21/2021 0:00,0.702222069
4/22/2021 0:00,0.756387846
4/23/2021 0:00,0.483778669
4/24/2021 0:00,1.378735421
4/25/2021 0:00,0.869075226
4/26/2021 0:00,0.678227749
4/27/2021 0:00,0.837442387
4/28/2021 0:00,1.03754765
4/29/2021 0:00,0.678563659
4/30/2021 0:00,0.738808442
5/1/2021 0:00,1.70285879
5/2/2021 0:00,2.361446551
5/3/2021 0:00,1.196566808
5/4/2021 0:00,0.883768079
5/5/2021 0:00,0.958423483
5/6/2021 0:00,0.881021463
5/7/2021 0:00,0.738527228
5/8/2021 0:00,1.464606051
5/9/2021 0:00,1.326352836
5/10/2021 0:00,0.877483711
5/11/2021 0:00,0.97581228
5/12/2021 0:00,0.498601744
5/13/2021 0:00,0.472452848
5/14/2021 0:00,0.577407615
5/15/2021 0:00,0.987353703
5/16/2021 0:00,0.728476912
5/17/2021 0:00,0.365096832
5/18/2021 0:00,0.478465842
5/19/2021 0:00,0.249674583
5/20/2021 0:00,0.274776016
5/21/2021 0:00,0.437115858
5/22/2021 0:00,0.616276858
5/23/2021 0:00,0.650353143
5/24/2021 0:00,0.453236135
5/25/2021 0:00,0.525336455
5/26/2021 0:00,0.574034122
5/27/2021 0:00,0.631752943
5/28/2021 0:00,0.548101551
5/29/2021 0:00,0.770667962
5/30/2021 0:00,1.490713804
5/31/2021 0:00,1.029284591
6/1/2021 0:00,0.631503252
6/2/2021 0:00,1.067180754
6/3/2021 0:00,0.91262939
6/4/2021 0:00,0.950672362
6/5/2021 0:00,1.414367561
6/6/2021 0:00,2.227707757
6/7/2021 0:00,0.804124413
6/8/2021 0:00,0.65248868
6/9/2021 0:00,0.715954875
6/10/2021 0:00,0.624344104
6/11/2021 0:00,0.735462026
6/12/2021 0:00,1.448209906
6/13/2021 0:00,2.038138133
6/14/2021 0:00,0.732346516
6/15/2021 0:00,0.844723143
6/16/2021 0:00,0.811083801
6/17/2021 0:00,0.94224427
6/18/2021 0:00,0.579579083
6/19/2021 0:00,1.090928124
6/20/2021 0:00,1.097813
6/21/2021 0:00,0.486689108
6/22/2021 0:00,0.405623753
6/23/2021 0:00,0.538504552
6/24/2021 0:00,0.613106232
6/25/2021 0:00,0.559239268
6/26/2021 0:00,0.791796187
6/27/2021 0:00,0.618522088
6/28/2021 0:00,0.555032658
6/29/2021 0:00,0.662392231
6/30/2021 0:00,0.57964472
7/1/2021 0:00,0.620151875
7/2/2021 0:00,0.466620681
7/3/2021 0:00,1.91879985
7/4/2021 0:00,1.771915593
7/5/2021 0:00,1.37246339
7/6/2021 0:00,1.360401145
7/7/2021 0:00,1.15406119
7/8/2021 0:00,0.894144481
7/9/2021 0:00,1.098434337
7/10/2021 0:00,3.129739896
7/11/2021 0:00,2.016601416
7/12/2021 0:00,0.790001483
7/13/2021 0:00,1.119434394
7/14/2021 0:00,1.25431138
7/15/2021 0:00,0.74338798
7/16/2021 0:00,1.061693905
7/17/2021 0:00,0.704942909
7/18/2021 0:00,2.753703472
7/19/2021 0:00,1.125352642
7/20/2021 0:00,0.805074033
7/21/2021 0:00,0.839173794
7/22/2021 0:00,1.252242304
7/23/2021 0:00,1.110054404
7/24/2021 0:00,1.954098962
7/25/2021 0:00,1.819570801
7/26/2021 0:00,0.421334153
7/27/2021 0:00,0.553066768
7/28/2021 0:00,0.661746968
7/29/2021 0:00,0.46958673
7/30/2021 0:00,1.154559092
7/31/2021 0:00,2.162425434
8/1/2021 0:00,2.374023484
8/2/2021 0:00,1.062119671
8/3/2021 0:00,1.103189571
8/4/2021 0:00,0.818667231
8/5/2021 0:00,1.252161097
8/6/2021 0:00,0.931435607
8/7/2021 0:00,2.085645842
8/8/2021 0:00,1.542916929
8/9/2021 0:00,0.706187602
8/10/2021 0:00,1.074569746
8/11/2021 0:00,0.739548728
8/12/2021 0:00,1.250399127
8/13/2021 0:00,1.089939426
8/14/2021 0:00,1.544547695
8/15/2021 0:00,2.189644939
8/16/2021 0:00,1.105976133
8/17/2021 0:00,1.757537773
8/18/2021 0:00,0.907731537
8/19/2021 0:00,1.406628478
8/20/2021 0:00,0.852458345
8/21/2021 0:00,1.315118277
8/22/2021 0:00,3.273381307
8/23/2021 0:00,1.082409361
8/24/2021 0:00,1.164542236
8/25/2021 0:00,0.806905705
8/26/2021 0:00,0.828142212
8/27/2021 0:00,1.507379705
8/28/2021 0:00,2.386776575
8/29/2021 0:00,2.943836203
8/30/2021 0:00,1.073337469
8/31/2021 0:00,1.058768661
9/1/2021 0:00,0.764593112
9/2/2021 0:00,0.725898948
9/3/2021 0:00,0.964073512
9/4/2021 0:00,2.049996026
9/5/2021 0:00,2.611035694
9/6/2021 0:00,1.30924288
9/7/2021 0:00,0.712204522
9/8/2021 0:00,0.912003663
9/9/2021 0:00,0.751885455
9/10/2021 0:00,0.589973129
9/11/2021 0:00,2.163719639
9/12/2021 0:00,2.808765666
9/13/2021 0:00,1.035209068
9/14/2021 0:00,1.104805309
9/15/2021 0:00,1.133439394
9/16/2021 0:00,0.997957547
9/17/2021 0:00,1.357859866
9/18/2021 0:00,2.551354742
9/19/2021 0:00,2.678220903
9/20/2021 0:00,0.816643599
9/21/2021 0:00,0.873179872
9/22/2021 0:00,1.005368324
9/23/2021 0:00,1.284293474
9/24/2021 0:00,0.871257663
9/25/2021 0:00,2.581164081
9/26/2021 0:00,1.462468069
9/27/2021 0:00,1.225336593
9/28/2021 0:00,1.094377145
9/29/2021 0:00,1.145211081
9/30/2021 0:00,1.038752115
10/1/2021 0:00,0.965941663
10/2/2021 0:00,1.472540271
10/3/2021 0:00,2.278186495
10/4/2021 0:00,0.955503072
10/5/2021 0:00,0.961534575
10/6/2021 0:00,0.693522454
10/7/2021 0:00,0.699415193
10/8/2021 0:00,0.674311746
10/9/2021 0:00,2.115107858
10/10/2021 0:00,2.370055256
10/11/2021 0:00,1.030026836
10/12/2021 0:00,0.763747788
10/13/2021 0:00,1.208770148
10/14/2021 0:00,0.878826592
10/15/2021 0:00,0.674119356
10/16/2021 0:00,1.275241195
10/17/2021 0:00,2.383003368
10/18/2021 0:00,0.893945905
10/19/2021 0:00,0.806832822
10/20/2021 0:00,0.746320902
10/21/2021 0:00,0.584576462
10/22/2021 0:00,0.914581297
10/23/2021 0:00,2.031813068
10/24/2021 0:00,1.810628304
10/25/2021 0:00,1.319620012
10/26/2021 0:00,1.225653963
10/27/2021 0:00,0.961834458
10/28/2021 0:00,0.855298493
10/29/2021 0:00,0.752734212
10/30/2021 0:00,1.996445116
10/31/2021 0:00,1.745091762
11/1/2021 0:00,0.796182469
11/2/2021 0:00,0.7373219
11/3/2021 0:00,0.809500557
11/4/2021 0:00,1.169446484
11/5/2021 0:00,0.942460873
11/6/2021 0:00,2.153364112
11/7/2021 0:00,2.447707601
11/8/2021 0:00,0.727860356
11/9/2021 0:00,0.773524627
11/10/2021 0:00,0.943855544
11/11/2021 0:00,1.246519165
11/12/2021 0:00,0.920602311
11/13/2021 0:00,2.288510935
11/14/2021 0:00,2.991065435
11/15/2021 0:00,1.10699785
11/16/2021 0:00,0.558357
11/17/2021 0:00,0.755676869
11/18/2021 0:00,0.527062149
11/19/2021 0:00,0.821004974
11/20/2021 0:00,1.869848086
11/21/2021 0:00,1.934194324
11/22/2021 0:00,0.730808693
11/23/2021 0:00,0.783591773
11/24/2021 0:00,1.00245596
11/25/2021 0:00,0.537164827
11/26/2021 0:00,0.398739735
11/27/2021 0:00,1.994327981
11/28/2021 0:00,2.547265188
11/29/2021 0:00,0.692293584
11/30/2021 0:00,0.809342538
12/1/2021 0:00,0.581585912
12/2/2021 0:00,0.729401901
12/3/2021 0:00,1.003562323
12/4/2021 0:00,0.637320803
12/5/2021 0:00,1.520878176
12/6/2021 0:00,0.70141605
12/7/2021 0:00,0.746375173
12/8/2021 0:00,0.883227497
12/9/2021 0:00,0.673288156
12/10/2021 0:00,1.023028651
12/12/2021 0:00,3.422908626
12/13/2021 0:00,0.899873792
12/14/2021 0:00,0.950343965
12/15/2021 0:00,1.172057386
12/16/2021 0:00,0.826944159
12/17/2021 0:00,0.90320836
12/18/2021 0:00,1.264592032
12/19/2021 0:00,3.735855513
12/20/2021 0:00,0.821163231
12/22/2021 0:00,0.968952642
12/23/2021 0:00,0.768330954
12/25/2021 0:00,0.872388676
12/26/2021 0:00,2.907976003
12/27/2021 0:00,1.185241932
12/28/2021 0:00,0.932660266
12/29/2021 0:00,0.702448846
12/30/2021 0:00,0.786105501
12/31/2021 0:00,0.550174042
1/1/2022 0:00,2.227740264
1/2/2022 0:00,3.319732539
1/3/2022 0:00,1.458624682
1/4/2022 0:00,0.685094774
1/5/2022 0:00,1.061194486
1/6/2022 0:00,0.671430109
1/7/2022 0:00,0.668210938
1/8/2022 0:00,2.106397799
1/9/2022 0:00,2.162437615
1/10/2022 0:00,0.878370494
1/11/2022 0:00,0.828463145
1/12/2022 0:00,0.897612674
1/13/2022 0:00,1.201282178
1/14/2022 0:00,1.058404273
1/15/2022 0:00,2.916336116
1/16/2022 0:00,3.915615542
1/17/2022 0:00,1.209938808
1/18/2022 0:00,1.041755947
1/19/2022 0:00,0.744633631
1/20/2022 0:00,0.951677355
1/21/2022 0:00,0.366076207
1/22/2022 0:00,0.572929713
1/23/2022 0:00,1.225005816
1/24/2022 0:00,0.480421383
1/25/2022 0:00,0.732031614
1/26/2022 0:00,0.663635334
1/27/2022 0:00,0.56268744
1/28/2022 0:00,0.869124855
1/29/2022 0:00,0.744157711
1/30/2022 0:00,0.549675638
1/31/2022 0:00,0.697900389
2/1/2022 0:00,0.464737945
2/2/2022 0:00,1.329269258
2/3/2022 0:00,0.908199676
2/4/2022 0:00,0.788512735
2/5/2022 0:00,0.976694565
2/6/2022 0:00,2.302725801
2/7/2022 0:00,0.692640283
2/8/2022 0:00,0.741075265
2/9/2022 0:00,1.073783379
2/10/2022 0:00,0.764486858
2/11/2022 0:00,0.627004346
2/12/2022 0:00,2.219767807
2/13/2022 0:00,3.118199334
2/14/2022 0:00,1.092525231
2/15/2022 0:00,0.809386206
2/16/2022 0:00,1.155080564
2/17/2022 0:00,1.140718136
2/18/2022 0:00,0.837814102
2/19/2022 0:00,2.317279377
2/20/2022 0:00,2.395683938
2/21/2022 0:00,0.74402137
2/22/2022 0:00,1.040195871
2/23/2022 0:00,1.198291315
2/24/2022 0:00,0.494682991
2/25/2022 0:00,0.619098514
2/26/2022 0:00,1.40988346
2/27/2022 0:00,1.80017062
2/28/2022 0:00,0.6320158
3/1/2022 0:00,0.653104809
3/2/2022 0:00,0.71188977
3/3/2022 0:00,0.893247474
3/4/2022 0:00,0.639924334
3/5/2022 0:00,1.923131165
3/6/2022 0:00,2.648377432
3/7/2022 0:00,0.784646519
3/8/2022 0:00,0.924043277
3/9/2022 0:00,0.585308968
3/10/2022 0:00,0.75084536
3/11/2022 0:00,0.655319871
3/12/2022 0:00,2.706905823
3/13/2022 0:00,2.635480818
3/14/2022 0:00,1.195134716
3/15/2022 0:00,0.970532902
3/16/2022 0:00,0.874666468
3/17/2022 0:00,0.620536798
3/18/2022 0:00,0.626268846
3/19/2022 0:00,1.834578822
3/20/2022 0:00,3.136534156
3/21/2022 0:00,0.631079107
3/22/2022 0:00,0.895198323
3/23/2022 0:00,0.978624076
3/24/2022 0:00,0.922893207
3/25/2022 0:00,0.585138339
3/26/2022 0:00,2.418515553
3/27/2022 0:00,0.92166765
3/28/2022 0:00,0.673966304
3/29/2022 0:00,0.609926569
3/30/2022 0:00,0.773076378
3/31/2022 0:00,0.531654396
4/1/2022 0:00,0.637899366
4/2/2022 0:00,1.621738824
4/3/2022 0:00,1.975699639
4/4/2022 0:00,0.933645645
4/5/2022 0:00,1.049492928
4/6/2022 0:00,0.863523411
4/7/2022 0:00,0.874525852
4/8/2022 0:00,1.161053096
4/9/2022 0:00,2.020942085
4/10/2022 0:00,2.027729897
4/11/2022 0:00,0.695827629
4/12/2022 0:00,1.087461903
4/13/2022 0:00,0.97044771
4/14/2022 0:00,0.58120051
4/15/2022 0:00,1.597784057
4/16/2022 0:00,1.918168777
4/17/2022 0:00,3.353860739
4/18/2022 0:00,1.028420305
4/19/2022 0:00,0.858369956
4/20/2022 0:00,0.775961598
4/21/2022 0:00,0.482592798
4/22/2022 0:00,1.132227508
4/23/2022 0:00,3.076018799
4/24/2022 0:00,2.446415328
4/25/2022 0:00,1.073029241
4/26/2022 0:00,0.768929775
4/27/2022 0:00,1.023619531
4/28/2022 0:00,0.698664557
4/29/2022 0:00,0.754361802
4/30/2022 0:00,2.017697215
5/1/2022 0:00,2.397906775
5/2/2022 0:00,0.831203058
5/3/2022 0:00,0.651308484
5/4/2022 0:00,0.649031351
5/5/2022 0:00,0.548664171
5/6/2022 0:00,0.513634192
5/7/2022 0:00,1.497624595
5/8/2022 0:00,0.773673267
5/9/2022 0:00,0.216179054
5/10/2022 0:00,0.277043573
5/11/2022 0:00,0.23208954
5/12/2022 0:00,0.19782644
5/13/2022 0:00,0.439211387
5/14/2022 0:00,0.593131162
5/15/2022 0:00,1.039436166
5/16/2022 0:00,0.547145035
5/17/2022 0:00,0.501381479
5/18/2022 0:00,0.53994847
5/19/2022 0:00,0.468487768
5/20/2022 0:00,0.494886159
5/21/2022 0:00,1.740419596
5/22/2022 0:00,1.358585305
5/23/2022 0:00,0.620022564
5/24/2022 0:00,0.496638534
5/25/2022 0:00,0.778556
5/26/2022 0:00,0.65473094
5/27/2022 0:00,0.521991219
5/28/2022 0:00,1.776106727
5/29/2022 0:00,1.934451263
5/30/2022 0:00,0.835755418
5/31/2022 0:00,0.55808508
6/1/2022 0:00,0.428157892
6/2/2022 0:00,0.665367213
6/3/2022 0:00,0.643925225
6/4/2022 0:00,1.512079473
6/5/2022 0:00,1.809938712
6/6/2022 0:00,0.590868209
6/7/2022 0:00,0.721610082
6/8/2022 0:00,1.112483343
6/9/2022 0:00,0.638673183
6/10/2022 0:00,0.684516794
6/11/2022 0:00,1.04466415
6/12/2022 0:00,0.616784013
6/13/2022 0:00,0.169162664
6/14/2022 0:00,0.189208533
6/15/2022 0:00,0.227975749
6/16/2022 0:00,0.231062451
6/17/2022 0:00,0.181803468
6/18/2022 0:00,0.225547
6/19/2022 0:00,0.52931034
6/20/2022 0:00,0.454807334
6/21/2022 0:00,0.452370129
6/22/2022 0:00,0.38041625
6/23/2022 0:00,0.649594175
6/24/2022 0:00,0.422447782
6/25/2022 0:00,1.463179435
6/26/2022 0:00,2.182325216
6/27/2022 0:00,0.392655314
6/28/2022 0:00,0.667357171
6/29/2022 0:00,0.478792052
6/30/2022 0:00,0.499557351
7/1/2022 0:00,0.368035817
7/2/2022 0:00,1.298917001
7/3/2022 0:00,1.419385735
7/4/2022 0:00,0.898030937
7/5/2022 0:00,0.680533314
7/6/2022 0:00,0.513728669
7/7/2022 0:00,0.646715236
7/8/2022 0:00,0.596748368
7/9/2022 0:00,0.844915569
7/10/2022 0:00,1.929054361
7/11/2022 0:00,0.521422492
7/12/2022 0:00,0.714770149
7/13/2022 0:00,0.58444311
7/14/2022 0:00,0.486821375
7/15/2022 0:00,0.488358413
7/16/2022 0:00,1.410360354
7/17/2022 0:00,0.910518126
7/18/2022 0:00,0.539563193
7/19/2022 0:00,0.426129327
7/20/2022 0:00,0.566871395
7/21/2022 0:00,0.317436498
7/22/2022 0:00,0.660063912
7/23/2022 0:00,1.365088791
7/24/2022 0:00,2.274433804
7/25/2022 0:00,0.89556016
7/26/2022 0:00,0.843983097
7/27/2022 0:00,1.0979429
7/28/2022 0:00,0.563377442
7/29/2022 0:00,0.712480752
7/30/2022 0:00,1.537694122
7/31/2022 0:00,1.584401778
8/1/2022 0:00,0.757437829
8/2/2022 0:00,0.948753653
8/3/2022 0:00,0.752365364
8/4/2022 0:00,0.890022514
8/5/2022 0:00,0.986836501
8/6/2022 0:00,2.743041763
8/7/2022 0:00,2.087183948
8/8/2022 0:00,0.962147929
8/9/2022 0:00,0.835653806
8/10/2022 0:00,0.615460756
8/11/2022 0:00,0.756331481
8/12/2022 0:00,0.962925622
8/13/2022 0:00,1.558070555
8/14/2022 0:00,2.092073467
8/15/2022 0:00,0.894686268
8/16/2022 0:00,0.831955976
8/17/2022 0:00,0.662532663
8/18/2022 0:00,0.88623478
8/19/2022 0:00,0.679424016
8/20/2022 0:00,2.103646369
8/21/2022 0:00,2.694138816
8/22/2022 0:00,0.848280105
8/23/2022 0:00,1.202106141
8/24/2022 0:00,1.096232169
8/25/2022 0:00,1.005879657
8/26/2022 0:00,1.043912013
8/27/2022 0:00,1.335736698
8/28/2022 0:00,2.424190359
8/29/2022 0:00,0.96685468
8/30/2022 0:00,0.676693554
8/31/2022 0:00,0.600646234
9/1/2022 0:00,0.619803653
9/2/2022 0:00,0.583147343
9/3/2022 0:00,2.102961031
9/4/2022 0:00,1.977637837
9/5/2022 0:00,0.911418879
9/6/2022 0:00,0.537095478
9/7/2022 0:00,0.689468042
9/8/2022 0:00,0.629708155
9/9/2022 0:00,0.608456138
9/10/2022 0:00,1.773580786
9/11/2022 0:00,2.398645651
9/12/2022 0:00,0.804516307
9/13/2022 0:00,0.571131138
9/14/2022 0:00,0.623931808
9/15/2022 0:00,0.894621741
9/16/2022 0:00,0.823200466
9/17/2022 0:00,2.023323676
9/18/2022 0:00,2.42848344
9/19/2022 0:00,0.535862563
9/20/2022 0:00,0.682550118
9/21/2022 0:00,0.761096045
9/22/2022 0:00,0.696941545
9/23/2022 0:00,0.669914052
9/24/2022 0:00,2.522625008
9/25/2022 0:00,2.216617938
9/26/2022 0:00,1.00365845
9/27/2022 0:00,0.518771311
9/28/2022 0:00,0.671265524
9/29/2022 0:00,0.427537247
9/30/2022 0:00,0.62894304
10/1/2022 0:00,1.979061099
10/2/2022 0:00,2.384370347
10/3/2022 0:00,0.837197391
10/4/2022 0:00,0.886125397
10/5/2022 0:00,0.796751757
10/6/2022 0:00,0.997473075
10/7/2022 0:00,0.716001207
10/8/2022 0:00,2.433089375
10/9/2022 0:00,2.825838591
10/10/2022 0:00,1.56088236
10/11/2022 0:00,0.901282916
10/12/2022 0:00,0.792752272
10/13/2022 0:00,0.721400906
10/14/2022 0:00,0.82840918
10/15/2022 0:00,1.96478884
10/16/2022 0:00,2.522364476
10/17/2022 0:00,0.902228726
10/18/2022 0:00,0.588739757
10/19/2022 0:00,0.851360013
10/20/2022 0:00,0.995964112
10/21/2022 0:00,1.209437169
10/22/2022 0:00,1.670842985
10/23/2022 0:00,2.178208655
10/24/2022 0:00,0.860141513
10/25/2022 0:00,0.751897572
10/26/2022 0:00,0.421317803
10/27/2022 0:00,0.64799129
10/28/2022 0:00,0.974057462
10/29/2022 0:00,1.377951463
10/30/2022 0:00,2.060722325
10/31/2022 0:00,0.822740768
11/1/2022 0:00,0.734499569
11/2/2022 0:00,0.667572129
11/3/2022 0:00,1.037708557
11/4/2022 0:00,0.345172069
11/5/2022 0:00,1.457199582
11/6/2022 0:00,1.231360867
11/7/2022 0:00,0.494359605
11/8/2022 0:00,0.388370339
11/9/2022 0:00,0.267303793
11/10/2022 0:00,0.292861543
11/11/2022 0:00,0.292264918
11/12/2022 0:00,0.603451377
11/13/2022 0:00,0.917527213
11/14/2022 0:00,0.321334524
11/15/2022 0:00,0.568095642
11/16/2022 0:00,0.452075697
11/17/2022 0:00,0.38572244
11/18/2022 0:00,0.238412439
11/19/2022 0:00,1.247330667
11/20/2022 0:00,1.200570231
11/21/2022 0:00,0.52026753
11/22/2022 0:00,0.490965927
11/23/2022 0:00,0.45158305
11/24/2022 0:00,0.813633165
11/25/2022 0:00,0.60566131
11/26/2022 0:00,0.96652413
11/27/2022 0:00,1.546823699
11/28/2022 0:00,0.919749257
11/29/2022 0:00,0.591785505
11/30/2022 0:00,0.707249975
12/1/2022 0:00,0.657702305
12/2/2022 0:00,0.623641064
12/3/2022 0:00,1.669253535
12/4/2022 0:00,1.877232137
12/5/2022 0:00,0.856143434
12/6/2022 0:00,0.604076398
12/7/2022 0:00,1.280742244
12/8/2022 0:00,0.927816725
12/9/2022 0:00,0.949771828
12/10/2022 0:00,1.796204447
12/11/2022 0:00,2.118001264
12/12/2022 0:00,0.873337323
12/13/2022 0:00,0.600928271
12/14/2022 0:00,0.748548642
12/15/2022 0:00,0.644618556
12/16/2022 0:00,0.643342322
12/17/2022 0:00,1.10933234
12/18/2022 0:00,1.891899301
12/19/2022 0:00,0.751522268
12/20/2022 0:00,0.738326046
12/21/2022 0:00,0.62622143
12/22/2022 0:00,0.776921355
12/23/2022 0:00,0.710058761
12/24/2022 0:00,0.962643443
12/25/2022 0:00,2.655210352
12/26/2022 0:00,1.692386256
12/27/2022 0:00,1.006575948
12/28/2022 0:00,0.926422829
12/29/2022 0:00,0.687352511
12/30/2022 0:00,0.537498935
12/31/2022 0:00,1.120370665
1/1/2023 0:00,1.684043889
1/2/2023 0:00,1.392358724
1/3/2023 0:00,0.853174941
1/4/2023 0:00,0.626283923
1/5/2023 0:00,0.813485837
1/6/2023 0:00,1.295243432
1/7/2023 0:00,1.652472251
1/8/2023 0:00,2.181455724
1/9/2023 0:00,0.938869281
1/10/2023 0:00,1.028032404
1/11/2023 0:00,1.003691133
1/12/2023 0:00,0.785127764
1/13/2023 0:00,0.78348137
1/14/2023 0:00,0.920223201
1/15/2023 0:00,1.930481391
1/16/2023 0:00,0.956888733
1/17/2023 0:00,0.781659027
1/18/2023 0:00,0.789886415
1/19/2023 0:00,0.734457496
1/20/2023 0:00,0.70443308
1/21/2023 0:00,0.821048321
1/22/2023 0:00,1.656405028
1/23/2023 0:00,0.979056284
1/24/2023 0:00,0.932493239
1/25/2023 0:00,0.858933484
1/26/2023 0:00,0.947363653
1/27/2023 0:00,0.889709758
1/28/2023 0:00,2.178425928
1/29/2023 0:00,2.364964481
1/30/2023 0:00,0.791997091
1/31/2023 0:00,0.570330777
2/1/2023 0:00,0.708646398
2/2/2023 0:00,0.940208855
2/3/2023 0:00,0.713394704
2/4/2023 0:00,1.292724913
2/5/2023 0:00,2.507022797
2/6/2023 0:00,1.139246058
2/7/2023 0:00,1.037409657
2/8/2023 0:00,1.005908007
2/9/2023 0:00,0.889143512
2/10/2023 0:00,0.729109265
2/11/2023 0:00,1.280426052
2/12/2023 0:00,2.493477145
2/13/2023 0:00,0.964735556
2/14/2023 0:00,0.846838629
2/15/2023 0:00,0.823655561
2/16/2023 0:00,0.816266875
2/17/2023 0:00,0.952204194
2/18/2023 0:00,1.912689754
2/19/2023 0:00,2.340051531
2/20/2023 0:00,1.386525948
2/21/2023 0:00,1.18186613
2/22/2023 0:00,0.846047849
2/23/2023 0:00,1.145279576
2/24/2023 0:00,0.625514933
2/25/2023 0:00,1.276206891
2/26/2023 0:00,2.989324234
2/27/2023 0:00,0.770398764
2/28/2023 0:00,0.624535343
3/1/2023 0:00,0.78721566
3/2/2023 0:00,1.037967354
3/3/2023 0:00,0.925278083
3/4/2023 0:00,1.581995129
3/5/2023 0:00,1.54771963
3/6/2023 0:00,0.888592395
3/7/2023 0:00,0.699880496
3/8/2023 0:00,0.558608226
3/9/2023 0:00,0.595590845
3/10/2023 0:00,0.568879848
3/11/2023 0:00,0.808553399
3/12/2023 0:00,1.310314699
3/13/2023 0:00,0.488828359
3/14/2023 0:00,0.462926478
3/15/2023 0:00,0.612847713
3/16/2023 0:00,0.562807366
3/17/2023 0:00,0.489760685
3/18/2023 0:00,1.285648263
3/19/2023 0:00,1.114565905
3/20/2023 0:00,0.626248103
3/21/2023 0:00,0.924983426
3/22/2023 0:00,0.715267717
3/23/2023 0:00,0.85206783
3/24/2023 0:00,0.911196432
3/25/2023 0:00,1.661116592
3/26/2023 0:00,2.595369742
3/27/2023 0:00,1.018744049
3/28/2023 0:00,0.798271905
3/29/2023 0:00,0.815793999
3/30/2023 0:00,0.525779704
3/31/2023 0:00,0.698219016
4/1/2023 0:00,1.917931992
4/2/2023 0:00,2.863065042
4/3/2023 0:00,0.976290358
4/4/2023 0:00,0.98733029
4/5/2023 0:00,0.653064398
4/6/2023 0:00,1.090171072
